"","BUSINESS_DATE","sales","visits","weekday","print_inv","internet_inv","tv_inv","radio_inv","special_inv","trend"
"1","2015-05-15",2263414.5,323132,"Friday",28.33,0,8564.61,0,0,1
"2","2015-05-16",3198848.22,428224,"Saturday",28.33,0,8470.65,0,0,2
"3","2015-05-17",2652109.29,346900,"Sunday",28.33,0,598.47,0,0,3
"4","2015-05-18",1571493.48,248765,"Monday",28.33,2570.7,0,0,0,4
"5","2015-05-19",1604789.75,252006,"Tuesday",28.33,0,0,0,0,5
"6","2015-05-20",1741078.8,261276,"Wednesday",28.33,0,0,0,0,6
"7","2015-05-21",1842485.61,272067,"Thursday",28.33,0,0,0,0,7
"8","2015-05-22",2337235.58,328838,"Friday",28.33,0,139846.67,0,0,8
"9","2015-05-23",3329547.02,432912,"Saturday",28.33,0,122886.82,0,0,9
"10","2015-05-24",2900727.07,362488,"Sunday",28.33,0,70730.73,0,0,10
"11","2015-05-25",1714534.05,256064,"Monday",28.33,5280.9,92826.65,0,0,11
"12","2015-05-26",1764493.83,262043,"Tuesday",696.19,8042.38,63082.85,0,0,12
"13","2015-05-27",1851841.28,271253,"Wednesday",2214.05,19142.39,72064.23,0,0,13
"14","2015-05-28",1973086.05,288867,"Thursday",5128.34,8642.37,97823.28,0,0,14
"15","2015-05-29",2398711.7,337308,"Friday",3033.7,15642.97,85421.39,0,0,15
"16","2015-05-30",3133487.56,413036,"Saturday",4247.98,6642.37,68833.95,0,0,16
"17","2015-05-31",2806835.03,355978,"Sunday",4219.65,8217.37,65237.06,0,0,17
"18","2015-06-01",2520219.56,334772,"Monday",4219.65,50878.82,72810.43,42500,10000,18
"19","2015-06-02",2779862.13,344845,"Tuesday",3551.79,3790.82,57574.61,0,0,19
"20","2015-06-03",1643371.94,257967,"Wednesday",2033.93,8790.82,76388.75,0,0,20
"21","2015-06-04",1805133.03,276989,"Thursday",1669.64,3790.82,53183.28,0,0,21
"22","2015-06-05",2222026.13,330876,"Friday",1214.28,4458.01,81765.83,0,0,22
"23","2015-06-06",2701906.27,376848,"Saturday",2433.85948979592,3009.57,107965.79,0,0,23
"24","2015-06-07",2591297.64,339633,"Sunday",2433.85948979592,3009.57,49840.48,0,0,24
"25","2015-06-08",2033045.38,307721,"Monday",2433.85948979592,334.76,4555.92,0,0,25
"26","2015-06-09",1902668.7,284607,"Tuesday",2433.85948979592,312.94,4535.53,0,0,26
"27","2015-06-10",2082660.79,302623,"Wednesday",2433.85948979592,5991.03,4902.18,0,0,27
"28","2015-06-11",2115439.76,307411,"Thursday",2433.85948979592,10991.04,4700.61,0,0,28
"29","2015-06-12",2450839.35,337222,"Friday",2433.85948979592,5657.69,161223.87,0,0,29
"30","2015-06-13",3144462.65,407715,"Saturday",2433.85948979592,3814.47,66185.86,0,0,30
"31","2015-06-14",3061493.33,371740,"Sunday",2433.85948979592,2991.03,73087.96,0,0,31
"32","2015-06-15",2038896.55,291115,"Monday",2433.85948979592,6263.38,53700.01,0,0,32
"33","2015-06-16",2066238.08,293709,"Tuesday",100,11263.37,67576.21,0,0,33
"34","2015-06-17",2203636.3,308485,"Wednesday",100,24936.82,80612.92,0,0,34
"35","2015-06-18",2184342.68,306708,"Thursday",100,5436.82,83005.32,0,0,35
"36","2015-06-19",2454233.9,336792,"Friday",100,10436.82,55304.93,0,0,36
"37","2015-06-20",3099976.76,397556,"Saturday",100,5436.82,68190.31,0,0,37
"38","2015-06-21",2740950.15,344449,"Sunday",100,5280.57,35108.4,0,0,38
"39","2015-06-22",1950436.22,281972,"Monday",100,312.94,38504,0,0,39
"40","2015-06-23",2007594.05,288679,"Tuesday",100,312.94,61052.93,0,0,40
"41","2015-06-24",2122284.59,298329,"Wednesday",100,312.94,32660.45,0,0,41
"42","2015-06-25",2094289.28,297804,"Thursday",100,312.94,42914.96,0,0,42
"43","2015-06-26",2372084.95,329855,"Friday",100,312.94,41227.65,0,0,43
"44","2015-06-27",2896319.1,381731,"Saturday",100,0,41406.29,0,0,44
"45","2015-06-28",2602530.42,334343,"Sunday",100,0,17021.53,0,0,45
"46","2015-06-29",2019773.05,287040,"Monday",100,0,15441.4,0,0,46
"47","2015-06-30",1951591.25,284851,"Tuesday",100,0,11979.85,0,0,47
"48","2015-07-01",1972536.79,288585,"Wednesday",100,38315.73,7397.13,0,10000,48
"49","2015-07-02",1985006.42,292531,"Thursday",100,0,6359.84,0,0,49
"50","2015-07-03",2265625.61,326224,"Friday",100,0,7115.2,0,0,50
"51","2015-07-04",2984932.21,407409,"Saturday",100,0,6654.11,0,0,51
"52","2015-07-05",2665750.56,355819,"Sunday",100,0,5006.17,42500,0,52
"53","2015-07-06",1981921.96,298843,"Monday",100,0,5046.37,0,0,53
"54","2015-07-07",1979114.19,299306,"Tuesday",100,0,4932.37,0,0,54
"55","2015-07-08",2062678.54,302916,"Wednesday",100,0,41913.41,0,0,55
"56","2015-07-09",2168955.38,312742,"Thursday",100,0,70451.4,0,0,56
"57","2015-07-10",2410896.74,340477,"Friday",100,0,44652.63,0,0,57
"58","2015-07-11",2913534.57,393113,"Saturday",100,0,42942.2,0,0,58
"59","2015-07-12",2685937.52,350585,"Sunday",100,0,46436.7,0,0,59
"60","2015-07-13",2038089.08,299910,"Monday",100,9445.1,47617.87,0,0,60
"61","2015-07-14",2005070.09,298649,"Tuesday",100,9442.5,34793.53,0,0,61
"62","2015-07-15",2124351.03,310957,"Wednesday",100,11942.49,36705.95,0,0,62
"63","2015-07-16",2151986.47,317348,"Thursday",0,13442.5,43270.9,0,0,63
"64","2015-07-17",2452802.2,353316,"Friday",0,14755.44,50226.75,0,0,64
"65","2015-07-18",2928130.48,398741,"Saturday",0,9755.44,29280.9,0,0,65
"66","2015-07-19",2730389.84,359671,"Sunday",0,9755.44,15051.35,0,0,66
"67","2015-07-20",2042866.83,304602,"Monday",0,12137.85,45152.7,0,0,67
"68","2015-07-21",2050909.81,307396,"Tuesday",0,13737.56,23308.78,0,0,68
"69","2015-07-22",2123423,314103,"Wednesday",0,13737.35,28340.49,0,0,69
"70","2015-07-23",2169603.11,317158,"Thursday",0,17737.35,32935.61,0,0,70
"71","2015-07-24",2448152.84,342454,"Friday",0,13737.35,32226.36,0,0,71
"72","2015-07-25",3001481.15,397681,"Saturday",0,16237.34,32434.16,0,0,72
"73","2015-07-26",2754305.73,356409,"Sunday",0,13737.35,12483.58,0,0,73
"74","2015-07-27",2048771.22,299121,"Monday",0,12358.87,0,0,0,74
"75","2015-07-28",2039771.33,298721,"Tuesday",0,12358.81,0,0,0,75
"76","2015-07-29",2125412.98,304611,"Wednesday",0,12358.81,55932.94,0,0,76
"77","2015-07-30",2239638.4,314893,"Thursday",0,12358.81,53565.51,0,0,77
"78","2015-07-31",2552005.51,348912,"Friday",0,12358.81,80129.97,0,0,78
"79","2015-08-01",3142684.6,400027,"Saturday",0,53098.41,65169.62,0,0,79
"80","2015-08-02",2811498.18,360242,"Sunday",0,12358.81,36404.7,0,0,80
"81","2015-08-03",2107780.91,301335,"Monday",0,3128.99,59902.41,42500,0,81
"82","2015-08-04",2107150.17,300898,"Tuesday",0,3128.99,40344.7,0,0,82
"83","2015-08-05",2140872.96,304979,"Wednesday",0,3128.99,40907.32,0,0,83
"84","2015-08-06",2196386.51,310670,"Thursday",0,3128.99,51060.42,0,0,84
"85","2015-08-07",2418219.72,336200,"Friday",0,3128.99,44443.27,0,0,85
"86","2015-08-08",2781961.52,369443,"Saturday",0,3128.99,30973.48,0,0,86
"87","2015-08-09",2602773.62,337843,"Sunday",0,3128.99,44829.15,0,0,87
"88","2015-08-10",2464672.28,315396,"Monday",0,0,50530.96,0,0,88
"89","2015-08-11",2380640.01,311184,"Tuesday",0,0,42214.05,0,0,89
"90","2015-08-12",2301746.4,307201,"Wednesday",0,0,28350.64,0,0,90
"91","2015-08-13",2230995.3,304008,"Thursday",0,0,4268.41,0,0,91
"92","2015-08-14",2460008.75,326369,"Friday",0,0,4116.4,0,0,92
"93","2015-08-15",2251317.63,288312,"Saturday",0,0,3842.02,0,0,93
"94","2015-08-16",3194853.46,374433,"Sunday",0,0,299.68,0,0,94
"95","2015-08-17",2381507.82,311701,"Monday",0,0,0,0,0,95
"96","2015-08-18",2201246.47,295444,"Tuesday",0,0,0,0,0,96
"97","2015-08-19",2445403.07,315458,"Wednesday",0,0,0,0,0,97
"98","2015-08-20",2157421.53,296196,"Thursday",0,0,0,0,0,98
"99","2015-08-21",2300600.92,313925,"Friday",0,0,0,0,0,99
"100","2015-08-22",2572543.64,345375,"Saturday",0,0,0,0,0,100
"101","2015-08-23",2517698.94,325949,"Sunday",0,0,0,0,0,101
"102","2015-08-24",2190942.71,298400,"Monday",0,0,0,0,0,102
"103","2015-08-25",2017139.87,290507,"Tuesday",546.43,0,0,0,0,103
"104","2015-08-26",1971085.19,285865,"Wednesday",1457.15,0,0,0,0,104
"105","2015-08-27",2114482.7,300033,"Thursday",1457.15,0,0,0,0,105
"106","2015-08-28",2362329.2,330403,"Friday",1870.01,0,82491.1,0,3036.59,106
"107","2015-08-29",2849378.85,381499,"Saturday",5221.44,0,58603.6,0,3036.59,107
"108","2015-08-30",2690080.27,350410,"Sunday",2671.44,0,39941.72,0,3036.59,108
"109","2015-08-31",2169109.38,307976,"Monday",2671.44,0,46944.56,0,3036.59,109
"110","2015-09-01",2173661.38,311042,"Tuesday",2153.34,61120.57,63476.74,0,3036.59,110
"111","2015-09-02",2277501.3,322331,"Wednesday",1242.62,0,53736.53,0,3036.59,111
"112","2015-09-03",2311591.21,328476,"Thursday",1242.62,0,53568.73,0,3038.37,112
"113","2015-09-04",2639550.44,363187,"Friday",829.76,0,46382.47,0,3038.37,113
"114","2015-09-05",3349079.04,432006,"Saturday",28.33,0,68854.66,0,3038.37,114
"115","2015-09-06",3067420.89,387799,"Sunday",28.33,0,52580.74,42500,3038.37,115
"116","2015-09-07",2214567.62,320709,"Monday",28.33,3838.97,68487.03,0,3038.37,116
"117","2015-09-08",2256610.46,324578,"Tuesday",28.33,3814.6,82046.44,0,3038.37,117
"118","2015-09-09",2288193.19,322560,"Wednesday",28.33,3814.6,36175.55,0,3040.65,118
"119","2015-09-10",2413817.44,340910,"Thursday",28.33,3814.6,53158.09,0,1501.37,119
"120","2015-09-11",2773855.63,380657,"Friday",28.33,3814.6,41001.98,8666.84,1501.37,120
"121","2015-09-12",3364700.13,436067,"Saturday",28.33,6799.43,72845.49,8666.84,1501.37,121
"122","2015-09-13",3023011.45,380951,"Sunday",28.33,6784.75,55674.77,9443.72,1501.37,122
"123","2015-09-14",2202870.51,318068,"Monday",28.33,8584.75,21273.23,9617.12,1501.37,123
"124","2015-09-15",2010627.92,300993,"Tuesday",28.33,6784.75,16777.86,9617.12,1501.37,124
"125","2015-09-16",1992772.54,299949,"Wednesday",28.33,12667.1,18391.38,9572.92,1501.37,125
"126","2015-09-17",1987262.08,301809,"Thursday",28.33,6784.75,26986.5,9678.32,0,126
"127","2015-09-18",2489570.72,358390,"Friday",28.33,6784.75,13135.71,9661.32,0,127
"128","2015-09-19",3344787.36,447457,"Saturday",28.33,6784.75,12112.25,9596.72,0,128
"129","2015-09-20",2965862.98,379264,"Sunday",28.33,6784.75,87362.36,8666.84,0,129
"130","2015-09-21",1777971.98,276109,"Monday",28.33,2970.15,39142.07,8666.84,0,130
"131","2015-09-22",1806005.61,279835,"Tuesday",128.33,2970.15,107489.68,8666.84,0,131
"132","2015-09-23",1855185.69,279393,"Wednesday",128.33,2970.15,93040.02,8666.84,0,132
"133","2015-09-24",1997027.31,299607,"Thursday",8992.62,2970.15,95490.36,8666.84,0,133
"134","2015-09-25",2466808.34,356239,"Friday",4742.62,2970.15,96862.67,0,0,134
"135","2015-09-26",3294679.65,441249,"Saturday",492.62,2970.15,89729.82,0,0,135
"136","2015-09-27",2960270.44,377098,"Sunday",492.62,2970.15,0,0,0,136
"137","2015-09-28",1725171,267368,"Monday",492.62,2970.15,0,0,0,137
"138","2015-09-29",1767263.16,273375,"Tuesday",492.62,2970.15,0,0,0,138
"139","2015-09-30",1895779.88,280167,"Wednesday",492.62,2970.15,0,0,0,139
"140","2015-10-01",1934449.36,281875,"Thursday",100,45300.01,0,42500,0,140
"141","2015-10-02",2411388.55,337123,"Friday",100,3490.33,84729.9,8996.36,0,141
"142","2015-10-03",3567128.36,452908,"Saturday",100,5510.1,69040.2,8762.1,0,142
"143","2015-10-04",3094923.74,379343,"Sunday",100,5510.1,101005.67,8869.43,20000,143
"144","2015-10-05",1767151.76,265322,"Monday",100,8574.9,76138.03,8900.37,0,144
"145","2015-10-06",1762381.98,264984,"Tuesday",100,9510.72,114985.06,9192.09,0,145
"146","2015-10-07",1854500,274448,"Wednesday",100,11310.7,117334.45,9116.95,0,146
"147","2015-10-08",1938439.68,283231,"Thursday",100,23123.2,113332.13,9008.98,0,147
"148","2015-10-09",2539034,354457,"Friday",42175,9510.7,50300.07,0,0,148
"149","2015-10-10",3408944.91,430196,"Saturday",100,11423.2,75369.67,0,0,149
"150","2015-10-11",3146691.5,382317,"Sunday",100,11423.2,30246.91,0,0,150
"151","2015-10-12",1777011.45,265483,"Monday",6900,8486.65,58291.64,0,0,151
"152","2015-10-13",1791708.58,265729,"Tuesday",25175,13486.65,0,0,0,152
"153","2015-10-14",1854702.31,272229,"Wednesday",25600,8376.42,0,0,0,153
"154","2015-10-15",1972279.79,284397,"Thursday",464.29,20375.99,49073.76,0,0,154
"155","2015-10-16",2491593.45,345298,"Friday",3864.29,13375.99,89181.65,0,0,155
"156","2015-10-17",3522846.85,448196,"Saturday",889.29,10182.24,70693.98,0,0,156
"157","2015-10-18",2994293.14,366901,"Sunday",889.29,10182.24,90840.19,0,0,157
"158","2015-10-19",1726035.63,258509,"Monday",4289.29,17042.66,105743.6,0,0,158
"159","2015-10-20",1740074.39,259420,"Tuesday",889.29,10965.62,67305.32,0,0,159
"160","2015-10-21",1815304.62,265725,"Wednesday",2589.29,7619.78,117810.65,0,0,160
"161","2015-10-22",1875809.89,274388,"Thursday",425,7619.78,64496.58,0,0,161
"162","2015-10-23",2405678.19,335505,"Friday",0,11619.78,43521.61,0,0,162
"163","2015-10-24",3479826.76,446396,"Saturday",0,7619.78,108954.64,0,0,163
"164","2015-10-25",2948099.19,363873,"Sunday",0,7619.78,36976.3,0,0,164
"165","2015-10-26",1612062.61,245064,"Monday",0,5090.44,0,0,0,165
"166","2015-10-27",1630328.08,247918,"Tuesday",0,3090.44,0,0,0,166
"167","2015-10-28",1626185.93,243305,"Wednesday",0,4376.92,0,0,0,167
"168","2015-10-29",1734295.64,256773,"Thursday",0,3439.37,78681.25,0,0,168
"169","2015-10-30",2299306.87,324756,"Friday",0,3439.37,43012.19,0,0,169
"170","2015-10-31",3341761.49,432176,"Saturday",0,3439.37,63682.01,0,0,170
"171","2015-11-01",2835041.03,351081,"Sunday",0,42213.16,62738.67,0,0,171
"172","2015-11-02",1983927.3,279769,"Monday",0,3439.37,75773.44,0,0,172
"173","2015-11-03",1585567.36,241896,"Tuesday",0,8439.37,27705.67,0,0,173
"174","2015-11-04",1671490.73,251587,"Wednesday",0,2953.66,59736.02,0,0,174
"175","2015-11-05",1750428.48,260757,"Thursday",0,2953.66,50815.49,0,2142.87,175
"176","2015-11-06",2282095.48,323440,"Friday",0,2953.66,29113.54,0,2142.87,176
"177","2015-11-07",3311618.08,432003,"Saturday",0,2953.66,52548.91,0,2142.87,177
"178","2015-11-08",2813566.73,351689,"Sunday",0,2953.66,9759.67,0,2142.87,178
"179","2015-11-09",1545947.26,238433,"Monday",0,0,8595.24,0,2142.87,179
"180","2015-11-10",1634998.32,247453,"Tuesday",0,0,9073.55,0,2142.87,180
"181","2015-11-11",1730452.16,255967,"Wednesday",0,0,70517.9,0,2142.87,181
"182","2015-11-12",1810467.27,265256,"Thursday",0,0,98973.57,0,714.39,182
"183","2015-11-13",2402018.16,335483,"Friday",0,0,58858.47,0,714.39,183
"184","2015-11-14",3349027.62,425733,"Saturday",0,0,103548.73,0,714.39,184
"185","2015-11-15",3105885.48,370890,"Sunday",0,0,50346.55,0,714.39,185
"186","2015-11-16",1586585.96,240713,"Monday",0,0,74184.61,0,714.39,186
"187","2015-11-17",1649237.49,249380,"Tuesday",0,0,36600.79,0,714.39,187
"188","2015-11-18",1708967.95,252481,"Wednesday",0,0,106368.3,0,714.39,188
"189","2015-11-19",1780950.35,260916,"Thursday",0,0,41763.17,0,11001.6229906542,189
"190","2015-11-20",2307938.35,321542,"Friday",0,0,59363.41,0,0,190
"191","2015-11-21",3149087.59,402506,"Saturday",0,0,96919.48,0,0,191
"192","2015-11-22",3047236.37,364361,"Sunday",0,0,50424.42,0,0,192
"193","2015-11-23",1549572.07,233590,"Monday",0,0,54640.05,0,0,193
"194","2015-11-24",1591287.86,238980,"Tuesday",0,0,67034.49,0,0,194
"195","2015-11-25",1701344.17,249938,"Wednesday",0,0,50389.85,0,0,195
"196","2015-11-26",1716751.5,252035,"Thursday",0,0,24039.91,0,0,196
"197","2015-11-27",2346600.45,323255,"Friday",0,0,41259.52,0,0,197
"198","2015-11-28",3328479.44,422768,"Saturday",0,0,58124.04,0,0,198
"199","2015-11-29",2969416.56,359822,"Sunday",0,0,0,0,0,199
"200","2015-11-30",1587555.36,241076,"Monday",0,0,0,0,0,200
"201","2015-12-01",1702544.3,257326,"Tuesday",0,302563.76,104539.94,0,0,201
"202","2015-12-02",1765622.41,266923,"Wednesday",0,7296.6,95231.12,0,0,202
"203","2015-12-03",1797826.47,267949,"Thursday",0,7296.6,119103.03,0,6188.86,203
"204","2015-12-04",2317930.3,336622,"Friday",0,7296.6,93234.18,0,6182.42,204
"205","2015-12-05",3419958.46,435554,"Saturday",0,7296.6,100212.84,0,6188.86,205
"206","2015-12-06",3204196.15,387971,"Sunday",0,7296.6,98529.98,0,6188.86,206
"207","2015-12-07",2876947.17,372930,"Monday",0,8401.61,105679.2,0,6188.86,207
"208","2015-12-08",2921322.96,384058,"Tuesday",0,5830.18,91889.99,0,6188.86,208
"209","2015-12-09",1577357.35,279318,"Wednesday",0,5830.18,168237.64,0,6188.86,209
"210","2015-12-10",1771132.76,288229,"Thursday",0,5830.18,143764.58,0,6182.42,210
"211","2015-12-11",2290191.32,358825,"Friday",0,5830.18,131086.5,0,6184.12,211
"212","2015-12-12",3402733.37,438482,"Saturday",0,5830.18,119895.31,0,6190.56,212
"213","2015-12-13",3016016.76,364414,"Sunday",0,5830.18,98311.05,0,6190.56,213
"214","2015-12-14",1736425.92,282102,"Monday",0,2600,85242.78,0,6184.12,214
"215","2015-12-15",1918501.28,322216,"Tuesday",0,2600,66559.62,0,6184.12,215
"216","2015-12-16",2093927.18,354904,"Wednesday",0,1600,120193.63,0,6184.12,216
"217","2015-12-17",2160187.23,329207,"Thursday",0,1600,90357.01,0,997.42,217
"218","2015-12-18",2643603.58,374326,"Friday",0,1600,64564.47,0,997.42,218
"219","2015-12-19",3793059.62,470772,"Saturday",0,1600,59476.11,0,997.42,219
"220","2015-12-20",3447125.01,404689,"Sunday",0,1600,81510.69,0,997.42,220
"221","2015-12-21",2232598.29,344380,"Monday",0,1600,62512.49,0,997.42,221
"222","2015-12-22",2656331.76,387887,"Tuesday",0,1600,76910.45,0,997.42,222
"223","2015-12-23",2996277.85,385428,"Wednesday",0,1600,150792.45,0,0,223
"224","2015-12-24",1738698.47,233020,"Thursday",0,1600,0,0,0,224
"225","2015-12-25",947253.33,125131,"Friday",0,1600,17543.8400286296,0,0,225
"226","2015-12-26",2428890.64,305534,"Saturday",0,7398.39,17353.7672985292,0,0,226
"227","2015-12-27",3365886.96,398196,"Sunday",0,7398.35,17778.6357540477,0,0,227
"228","2015-12-28",2395470.43,316629,"Monday",0,7398.35,17756.2742563888,0,0,228
"229","2015-12-29",2481639.1,322058,"Tuesday",0,7398.35,17778.6357540477,0,0,229
"230","2015-12-30",2566144.56,326916,"Wednesday",0,7398.35,17689.1897634122,0,0,230
"231","2015-12-31",1655289.51,221576,"Thursday",5700,7398.35,17555.020777459,0,0,231
"232","2016-01-01",2434023.42,283346,"Friday",17001.36,29234.88,17778.6357540477,0,11001.6229906542,232
"233","2016-01-02",3144495.49,386906,"Saturday",0,0,17979.8892329774,0,0,233
"234","2016-01-03",3126570.8,377981,"Sunday",0,0,0,0,0,234
"235","2016-01-04",2226739.61,296202,"Monday",0,0,0,0,0,235
"236","2016-01-05",2641446.56,343647,"Tuesday",0,0,0,0,0,236
"237","2016-01-06",2580335.47,320462,"Wednesday",0,0,0,0,0,237
"238","2016-01-07",1465567.66,227278,"Thursday",0,0,0,0,0,238
"239","2016-01-08",1984719.8,286386,"Friday",0,36080.54,56860.52,0,0,239
"240","2016-01-09",3059970.09,401309,"Saturday",0,12331.55,87004.2,0,0,240
"241","2016-01-10",2898275.91,358806,"Sunday",0,8659.55,83093.13,0,0,241
"242","2016-01-11",1517121.1,231423,"Monday",0,12331.55,60901.06,0,0,242
"243","2016-01-12",1636831.19,247090,"Tuesday",0,8659.55,44132.59,0,0,243
"244","2016-01-13",1725247.52,254222,"Wednesday",0,7598.75,70823.42,0,0,244
"245","2016-01-14",1703464.53,252752,"Thursday",0,7598.75,77001.72,0,0,245
"246","2016-01-15",2225971.36,313245,"Friday",0,23131.55,59787.26,0,0,246
"247","2016-01-16",3240831.79,417673,"Saturday",0,8659.55,47679.4,0,0,247
"248","2016-01-17",2846964.51,351644,"Sunday",0,8659.55,65464.16,0,0,248
"249","2016-01-18",1555515.94,234661,"Monday",0,8659.55,43160.56,0,0,249
"250","2016-01-19",1549026.39,233706,"Tuesday",0,8659.55,38667.02,0,0,250
"251","2016-01-20",1654828.92,245501,"Wednesday",0,7598.75,7138.87,0,0,251
"252","2016-01-21",1690550.26,251238,"Thursday",0,7598.75,6661.69,0,0,252
"253","2016-01-22",2169701.04,306681,"Friday",0,1252.31,58889.04,0,0,253
"254","2016-01-23",3165668.32,413233,"Saturday",0,1252.31,54764.71,0,0,254
"255","2016-01-24",2796396.33,348627,"Sunday",0,1252.31,37580.3,0,0,255
"256","2016-01-25",1511751.4,231437,"Monday",0,1252.31,60355.29,0,0,256
"257","2016-01-26",1548315.05,236924,"Tuesday",0,1252.31,64184.04,0,0,257
"258","2016-01-27",1658624.27,248173,"Wednesday",0,1252.31,39215.42,0,0,258
"259","2016-01-28",1689989.59,252620,"Thursday",0,1252.31,69080.84,0,0,259
"260","2016-01-29",2183429.34,311948,"Friday",0,1252.31,47696.21,0,0,260
"261","2016-01-30",3045585.59,404409,"Saturday",0,1252.31,56343.75,0,0,261
"262","2016-01-31",2715130.71,343166,"Sunday",0,1252.31,72985.37,0,0,262
"263","2016-02-01",1524898.32,232341,"Monday",0,32487.61,13739.96,0,0,263
"264","2016-02-02",1524590.78,232163,"Tuesday",0,1252.31,0,0,0,264
"265","2016-02-03",1583477.56,239471,"Wednesday",0,1252.31,0,0,0,265
"266","2016-02-04",1702359.45,255996,"Thursday",0,1252.31,0,0,0,266
"267","2016-02-05",2197276.13,313632,"Friday",0,1252.31,49891.31,0,0,267
"268","2016-02-06",3018347.1,399401,"Saturday",0,1252.31,49966.82,0,0,268
"269","2016-02-07",2531298.82,323682,"Sunday",0,1252.31,30513.95,0,0,269
"270","2016-02-08",1777039.96,261797,"Monday",0,1252.31,20985.98,0,0,270
"271","2016-02-09",1920181.82,276416,"Tuesday",0,1252.31,37836.8,0,0,271
"272","2016-02-10",1628950.2,245670,"Wednesday",0,1252.31,8845.74,0,0,272
"273","2016-02-11",1773030.26,259157,"Thursday",0,1252.31,18837.29,0,0,273
"274","2016-02-12",2085231.74,296316,"Friday",0,0,64945.23,0,0,274
"275","2016-02-13",2937570.52,388563,"Saturday",0,0,57922.71,0,0,275
"276","2016-02-14",2797153.78,345750,"Sunday",0,0,50775.09,0,0,276
"277","2016-02-15",1552251.65,234931,"Monday",0,0,36638.94,0,0,277
"278","2016-02-16",1577009.64,238151,"Tuesday",0,0,50230.27,0,0,278
"279","2016-02-17",1669572.93,249406,"Wednesday",0,0,30885.29,0,0,279
"280","2016-02-18",1751077.32,258102,"Thursday",0,0,74850.64,0,0,280
"281","2016-02-19",2163615.9,312197,"Friday",0,0,88316.78,0,0,281
"282","2016-02-20",3242485.7,424535,"Saturday",0,0,92196.74,0,0,282
"283","2016-02-21",2912402.83,364464,"Sunday",0,0,34768.65,0,0,283
"284","2016-02-22",1494315.4,231802,"Monday",0,0,0,0,0,284
"285","2016-02-23",1543690.59,238948,"Tuesday",0,0,0,0,0,285
"286","2016-02-24",1709051.92,253299,"Wednesday",0,0,0,0,0,286
"287","2016-02-25",1749099.19,255674,"Thursday",0,0,114151.07,0,0,287
"288","2016-02-26",2174502.69,307053,"Friday",0,0,93137.02,0,0,288
"289","2016-02-27",3169512.85,404025,"Saturday",0,0,91049.2,0,0,289
"290","2016-02-28",2681129.1,331749,"Sunday",0,0,56495.36,0,0,290
"291","2016-02-29",1570067.79,233372,"Monday",0,6345.81,65821.18,0,0,291
"292","2016-03-01",1706113.05,251117,"Tuesday",0,184064.23,59489.09,0,0,292
"293","2016-03-02",1773125.37,256702,"Wednesday",0,1345.77,40719.21,0,0,293
"294","2016-03-03",1775851.38,258099,"Thursday",0,1345.77,90210.25,0,0,294
"295","2016-03-04",2190749.76,308015,"Friday",0,1345.77,82114.37,0,0,295
"296","2016-03-05",3085090.18,394744,"Saturday",0,1345.77,70257.92,0,0,296
"297","2016-03-06",2948907.16,361230,"Sunday",0,1345.77,48524.95,0,0,297
"298","2016-03-07",1562988.52,237370,"Monday",0,1345.77,56965.7,0,0,298
"299","2016-03-08",1796600.18,259862,"Tuesday",0,1345.77,31254.92,0,0,299
"300","2016-03-09",1657248.51,244504,"Wednesday",0,1345.77,48278.09,0,0,300
"301","2016-03-10",1772040.13,257894,"Thursday",0,1345.77,86617.52,0,0,301
"302","2016-03-11",2190240.87,308876,"Friday",0,1345.77,105144.5,0,0,302
"303","2016-03-12",3335357.57,424520,"Saturday",0,1345.77,92967.4,0,0,303
"304","2016-03-13",2952180.75,361563,"Sunday",0,1345.77,84021.4,0,0,304
"305","2016-03-14",1623817.56,244925,"Monday",0,0,67435.41,0,0,305
"306","2016-03-15",1662232.31,246742,"Tuesday",0,0,51308.33,0,0,306
"307","2016-03-16",1708967.17,249642,"Wednesday",0,0,71139.67,0,0,307
"308","2016-03-17",1857784.54,270310,"Thursday",0,0,46878.55,0,0,308
"309","2016-03-18",2307484.45,322808,"Friday",0,0,58541.61,0,0,309
"310","2016-03-19",3277650.85,418618,"Saturday",0,0,54790.29,0,0,310
"311","2016-03-20",2851536.03,352159,"Sunday",0,7110.0287141217,29533.37,0,0,311
"312","2016-03-21",1634874.51,247896,"Monday",0,7110.0287141217,56283.77,0,0,312
"313","2016-03-22",1696963.42,255308,"Tuesday",0,0,56372.46,0,0,313
"314","2016-03-23",2162584.89,310066,"Wednesday",0,0,10761.15,0,30000.07,314
"315","2016-03-24",2401630.37,321577,"Thursday",0,0,10251,0,0,315
"316","2016-03-25",2369473.21,327493,"Friday",0,0,10818.33,0,0,316
"317","2016-03-26",2951977.75,382209,"Saturday",0,7110.0287141217,10558.96,0,0,317
"318","2016-03-27",1595444.91,208044,"Sunday",0,0,651.72,0,0,318
"319","2016-03-28",2670955.73,329256,"Monday",0,7110.0287141217,0,0,0,319
"320","2016-03-29",1987304.24,274380,"Tuesday",0,0,0,0,0,320
"321","2016-03-30",1637046.13,248705,"Wednesday",0,0,0,0,0,321
"322","2016-03-31",1656486.22,254374,"Thursday",0,0,0,0,0,322
"323","2016-04-01",2161694.31,311675,"Friday",0,213045.31,81194.68,14500.51,0,323
"324","2016-04-02",3166487.5,420948,"Saturday",0,1428.57,67591.89,14500.51,0,324
"325","2016-04-03",2837263.7,362775,"Sunday",0,1428.57,76820.87,14500.51,0,325
"326","2016-04-04",1590351.72,248738,"Monday",0,1428.57,46345.79,14500.51,0,326
"327","2016-04-05",1633776.32,254565,"Tuesday",0,1428.57,57701.77,14796.35,0,327
"328","2016-04-06",1712881.36,263633,"Wednesday",0,1428.57,65390.89,14833.33,0,328
"329","2016-04-07",1787650.66,271551,"Thursday",0,1428.57,31545.01,14833.33,0,329
"330","2016-04-08",2256744.59,324568,"Friday",0,1428.57,26982.16,14833.33,0,330
"331","2016-04-09",3258197.41,431577,"Saturday",0,1428.57,75120.56,14833.33,0,331
"332","2016-04-10",2942156.53,374659,"Sunday",0,1428.57,50264.5,14833.33,0,332
"333","2016-04-11",1645420.09,255395,"Monday",0,1428.57,41764.93,0,0,333
"334","2016-04-12",1694113.83,262147,"Tuesday",0,1428.57,39062.44,0,0,334
"335","2016-04-13",1779982.52,271391,"Wednesday",0,1428.57,62748.65,0,0,335
"336","2016-04-14",1879468.87,283417,"Thursday",0,1428.57,33342.3,0,0,336
"337","2016-04-15",2373700.11,339217,"Friday",0,0,37593.24,0,0,337
"338","2016-04-16",3213928.29,428474,"Saturday",0,0,58801.71,0,0,338
"339","2016-04-17",2935433.19,373900,"Sunday",0,0,43939.38,0,0,339
"340","2016-04-18",1830059.59,272235,"Monday",0,0,8595.43,0,0,340
"341","2016-04-19",1628168.56,255481,"Tuesday",0,0,8063.39,0,0,341
"342","2016-04-20",1708551.49,262164,"Wednesday",0,0,8258.96,0,0,342
"343","2016-04-21",1775882.81,269812,"Thursday",0,0,59311.5,0,0,343
"344","2016-04-22",2247394.75,324588,"Friday",0,0,100063.59,0,0,344
"345","2016-04-23",3127249.01,415475,"Saturday",0,0,71125.79,0,0,345
"346","2016-04-24",2947464.1,377818,"Sunday",0,0,9698.87,0,0,346
"347","2016-04-25",2909603.98,361216,"Monday",0,7110.0287141217,6406.54,0,0,347
"348","2016-04-26",1516854.77,238832,"Tuesday",0,7110.0287141217,6519.28,0,0,348
"349","2016-04-27",1660120.15,251005,"Wednesday",0,32567.81,6613.07,0,0,349
"350","2016-04-28",1770613.09,263718,"Thursday",0,16845.95,6052.98,0,0,350
"351","2016-04-29",2242140.61,317801,"Friday",0,17845.95,175201.36,0,0,351
"352","2016-04-30",3147439.3,408154,"Saturday",0,11845.95,110769.05,0,555.55,352
"353","2016-05-01",2723908.22,336494,"Sunday",0,50664.63,56209.5,0,555.55,353
"354","2016-05-02",1716651.12,251712,"Monday",0,12890.95,68844.7,0,0,354
"355","2016-05-03",1676114.58,251051,"Tuesday",0,19063.95,46539.59,0,555.55,355
"356","2016-05-04",1814822.5,266401,"Wednesday",0,11775.04,30556.92,0,555.55,356
"357","2016-05-05",1874246.63,271035,"Thursday",0,13025.04,58985.53,0,0,357
"358","2016-05-06",2328506.59,321921,"Friday",0,15745.04,49970.87,0,555.55,358
"359","2016-05-07",3193296.67,414179,"Saturday",0,13076.04,70025.32,0,555.55,359
"360","2016-05-08",2665209.05,333474,"Sunday",0,12872.04,92085.74,0,0,360
"361","2016-05-09",1635949.39,243898,"Monday",0,11775.04,84069.82,0,0,361
"362","2016-05-10",1681739.61,249840,"Tuesday",0,11775.04,51679.22,0,555.55,362
"363","2016-05-11",1759644.24,254695,"Wednesday",0,0,42972.53,0,0,363
"364","2016-05-12",1873807.12,270628,"Thursday",0,0,51466.8,0,555.55,364
"365","2016-05-13",2336507.77,321925,"Friday",0,0,45615.2,0,555.55,365
"366","2016-05-14",3181617.39,408128,"Saturday",0,0,57454.08,0,0,366
"367","2016-05-15",2881354.54,355657,"Sunday",0,0,0,0,0,367
"368","2016-05-16",1705220.65,251588,"Monday",0,0,0,0,0,368
"369","2016-05-17",1660299.1,247992,"Tuesday",0,0,0,0,0,369
"370","2016-05-18",1749196.04,257031,"Wednesday",0,0,0,0,0,370
"371","2016-05-19",1814687.63,260278,"Thursday",0,0,0,0,0,371
"372","2016-05-20",2376293.15,331117,"Friday",0,0,50809.89,0,0,372
"373","2016-05-21",2977313.95,396209,"Saturday",0,0,41602.69,0,0,373
"374","2016-05-22",2502796.83,315358,"Sunday",0,0,39096.28,0,0,374
"375","2016-05-23",1652966.17,244501,"Monday",0,0,40564.26,0,0,375
"376","2016-05-24",1650496.61,247285,"Tuesday",0,0,32576.8,0,0,376
"377","2016-05-25",1709648.36,251900,"Wednesday",0,0,49084.58,0,0,377
"378","2016-05-26",1797975.3,262075,"Thursday",0,0,24022.25,0,0,378
"379","2016-05-27",2221561.36,313927,"Friday",0,0,41149.15,0,0,379
"380","2016-05-28",2908321.38,387389,"Saturday",0,0,0,0,0,380
"381","2016-05-29",2737097.07,342093,"Sunday",0,0,0,0,0,381
"382","2016-05-30",1655949.87,246326,"Monday",0,0,0,5088.72,11001.6229906542,382
"383","2016-05-31",1689958.9,252225,"Tuesday",0,0,0,5088.72,0,383
"384","2016-06-01",2195431.4,309632,"Wednesday",0,211935.48,109490.71,15506.61,0,384
"385","2016-06-02",2924607,359182,"Thursday",0,2222.21,59915.48,15506.61,0,385
"386","2016-06-03",2252390.15,311616,"Friday",0,2222.21,62909.2,15506.61,0,386
"387","2016-06-04",2723054.53,369622,"Saturday",0,2222.21,33604.51,15506.61,0,387
"388","2016-06-05",2588048.72,332191,"Sunday",0,2222.21,87169.51,13738.61,0,388
"389","2016-06-06",1678472.69,253329,"Monday",0,2222.21,65039.39,15506.61,0,389
"390","2016-06-07",1653527.42,251938,"Tuesday",0,2222.21,46557.71,15506.61,0,390
"391","2016-06-08",2149455.99,314234,"Wednesday",0,2222.21,52584.29,15506.61,0,391
"392","2016-06-09",2022308.28,290083,"Thursday",0,2222.21,43213.04,15506.61,0,392
"393","2016-06-10",2246594.15,314787,"Friday",0,2222.21,98860.59,15506.61,0,393
"394","2016-06-11",2807901.77,372006,"Saturday",0,2222.21,94430.93,15248.17,0,394
"395","2016-06-12",2615260.17,337504,"Sunday",0,2222.21,90519.8,13480.17,0,395
"396","2016-06-13",1679278.59,249673,"Monday",0,2222.21,100131.01,0,0,396
"397","2016-06-14",1771542.84,261312,"Tuesday",0,2222.21,75580.77,0,0,397
"398","2016-06-15",1839000.22,267927,"Wednesday",0,2222.21,71649.33,0,0,398
"399","2016-06-16",1891960.6,272405,"Thursday",0,2222.21,94149.15,0,0,399
"400","2016-06-17",2157527.53,303505,"Friday",0,2222.21,88485.87,0,48225,400
"401","2016-06-18",2759413.89,363788,"Saturday",0,2222.21,62538.92,0,0,401
"402","2016-06-19",2765293.16,347202,"Sunday",0,0,13670.46,0,0,402
"403","2016-06-20",1760659.91,257736,"Monday",0,214.69,5729.86,0,0,403
"404","2016-06-21",1725558.13,255726,"Tuesday",0,1022.05,22345.39,0,0,404
"405","2016-06-22",1728394.67,252641,"Wednesday",0,214.55,5582.59,0,0,405
"406","2016-06-23",1889265.86,273106,"Thursday",0,214.55,5070.37,0,0,406
"407","2016-06-24",2147370.93,300474,"Friday",0,10247.48,155174.06,0,0,407
"408","2016-06-25",2682549.64,351054,"Saturday",0,12056.98,101255.46,0,0,408
"409","2016-06-26",2476125.26,309789,"Sunday",0,9302.98,144694.27,0,0,409
"410","2016-06-27",1822248.28,257578,"Monday",0,20645.89,125921.87,0,0,410
"411","2016-06-28",1834826.98,261452,"Tuesday",0,12395.83,83236.27,0,0,411
"412","2016-06-29",1968696.14,272600,"Wednesday",0,19569.17,90770.3,0,0,412
"413","2016-06-30",1962285.5,274177,"Thursday",0,21149.11,123635.01,0,0,413
"414","2016-07-01",2227284.21,301690,"Friday",0,72372.85,107712.44,0,0,414
"415","2016-07-02",2605212.58,337640,"Saturday",0,11892.96,104252.12,0,0,415
"416","2016-07-03",2724049.88,337595,"Sunday",0,11638.95,103224.16,0,0,416
"417","2016-07-04",1976706.25,278318,"Monday",0,16260.32,77744.03,0,0,417
"418","2016-07-05",1924211.33,274089,"Tuesday",0,8782.8,42159.59,0,0,418
"419","2016-07-06",1997274.89,284086,"Wednesday",0,11511.3,49087.81,0,0,419
"420","2016-07-07",2009437.58,284772,"Thursday",0,11511.3,99975.04,0,0,420
"421","2016-07-08",2289624.7,315249,"Friday",0,6895.51,132323.31,0,0,421
"422","2016-07-09",2802623.2,365533,"Saturday",0,5722.51,123456.25,0,0,422
"423","2016-07-10",2550243.01,323171,"Sunday",0,8222.5,85311.47,0,0,423
"424","2016-07-11",1967472.38,280792,"Monday",0,4180.93,67479.18,0,0,424
"425","2016-07-12",2038575.69,285070,"Tuesday",0,1528.82,52907.54,0,0,425
"426","2016-07-13",2129086.31,293858,"Wednesday",0,1528.82,45302.84,0,0,426
"427","2016-07-14",2209363.7,300954,"Thursday",0,1528.82,60998.76,0,0,427
"428","2016-07-15",2591028.45,336341,"Friday",0,1528.82,76499.34,0,0,428
"429","2016-07-16",3078306.82,385788,"Saturday",0,1528.82,53473.43,0,0,429
"430","2016-07-17",2720477.41,340076,"Sunday",0,1528.82,28797.43,0,0,430
"431","2016-07-18",1962437.41,278013,"Monday",0,0,0,0,0,431
"432","2016-07-19",1926355.57,277505,"Tuesday",0,0,0,0,0,432
"433","2016-07-20",1980743.57,281934,"Wednesday",0,0,0,0,0,433
"434","2016-07-21",2056922.45,290035,"Thursday",0,0,0,0,0,434
"435","2016-07-22",2292078.78,314208,"Friday",0,0,0,0,0,435
"436","2016-07-23",2832412.06,365359,"Saturday",0,0,0,0,0,436
"437","2016-07-24",2714180.43,339699,"Sunday",0,0,0,0,0,437
"438","2016-07-25",1951795.09,277430,"Monday",0,3089.04,0,0,0,438
"439","2016-07-26",1901939.67,273287,"Tuesday",0,879,0,0,0,439
"440","2016-07-27",2004503.52,279312,"Wednesday",0,879,0,0,0,440
"441","2016-07-28",2116921.05,295183,"Thursday",0,879,0,0,0,441
"442","2016-07-29",2293115.48,314651,"Friday",0,879,33526.56,0,0,442
"443","2016-07-30",2740751,358728,"Saturday",0,879,24858.79,0,0,443
"444","2016-07-31",2678816.46,334728,"Sunday",0,879,21919.27,0,0,444
"445","2016-08-01",2167110.19,293423,"Monday",0,45204.7,29268.87,0,0,445
"446","2016-08-02",2044833.35,284008,"Tuesday",0,0,17366.31,0,0,446
"447","2016-08-03",2054230.36,284509,"Wednesday",0,0,24237.29,0,0,447
"448","2016-08-04",2101652.45,289711,"Thursday",0,0,21418.18,0,0,448
"449","2016-08-05",2502197.35,322019,"Friday",0,0,19454.72,0,0,449
"450","2016-08-06",2790683.12,356036,"Saturday",0,0,25463.88,0,0,450
"451","2016-08-07",2597994.06,325154,"Sunday",0,0,11245.46,0,0,451
"452","2016-08-08",2072430.47,279904,"Monday",0,2579.04,9619.65,0,0,452
"453","2016-08-09",2035389.27,276977,"Tuesday",0,811.01,11399.97,0,0,453
"454","2016-08-10",2276124.46,290952,"Wednesday",0,811.01,8273.77,0,0,454
"455","2016-08-11",2228367.02,288500,"Thursday",0,811.01,10473.85,0,0,455
"456","2016-08-12",2346603.69,302778,"Friday",0,811.01,7438.89,0,0,456
"457","2016-08-13",2596083.86,328764,"Saturday",0,811.01,39246.62,0,0,457
"458","2016-08-14",2237436.32,285155,"Sunday",0,811.01,18612.03,0,0,458
"459","2016-08-15",1934815.64,243111,"Monday",0,0,16566.3,0,0,459
"460","2016-08-16",2268765,288350,"Tuesday",0,0,16543.56,0,0,460
"461","2016-08-17",2282560.83,291121,"Wednesday",0,0,12235.69,0,0,461
"462","2016-08-18",2222348.43,287742,"Thursday",0,0,7190.47,0,0,462
"463","2016-08-19",2287723.21,297678,"Friday",0,0,10667.19,0,0,463
"464","2016-08-20",2549694.82,322565,"Saturday",0,0,12369.41,0,0,464
"465","2016-08-21",2388568.81,301010,"Sunday",0,0,53064.87,0,0,465
"466","2016-08-22",2084559.75,277675,"Monday",0,0,0,0,0,466
"467","2016-08-23",2071782.96,278210,"Tuesday",0,0,0,0,0,467
"468","2016-08-24",2003733.71,272577,"Wednesday",0,0,0,0,0,468
"469","2016-08-25",2014708.91,274574,"Thursday",0,0,0,0,0,469
"470","2016-08-26",2182470.08,296883,"Friday",0,0,0,0,0,470
"471","2016-08-27",2532988.1,334564,"Saturday",0,0,0,0,0,471
"472","2016-08-28",2401421.26,310463,"Sunday",0,0,0,0,0,472
"473","2016-08-29",1932409.57,274550,"Monday",0,3089.04,0,0,0,473
"474","2016-08-30",1988055.77,278829,"Tuesday",0,879,0,0,0,474
"475","2016-08-31",2011504.9,285047,"Wednesday",0,879,0,0,0,475
"476","2016-09-01",2071029.72,296136,"Thursday",0,80842.34,0,0,0,476
"477","2016-09-02",2371633.57,325938,"Friday",0,879,80585.28,15359.54,80787.5,477
"478","2016-09-03",2916010.51,381304,"Saturday",0,879,61245.95,14998.29,0,478
"479","2016-09-04",2762690.58,349145,"Sunday",0,879,83523.45,14998.29,0,479
"480","2016-09-05",2142078.3,303146,"Monday",0,18412.69,102651.9,14998.29,0,480
"481","2016-09-06",2182218.67,306603,"Tuesday",0,5680.29,102445.83,14998.29,0,481
"482","2016-09-07",2247105.55,312810,"Wednesday",0,22998.29,62526.13,14624.29,0,482
"483","2016-09-08",2262682.36,315769,"Thursday",0,14431.89,65413.21,14624.29,0,483
"484","2016-09-09",2547095.04,347832,"Friday",0,9658.29,56539.24,14624.29,0,484
"485","2016-09-10",3101027.97,400659,"Saturday",0,14431.89,69010.74,14624.29,0,485
"486","2016-09-11",2886423.39,359764,"Sunday",0,5680.29,79767.93,14263.04,0,486
"487","2016-09-12",2188530.65,309201,"Monday",0,20800.37,9272.26,0,0,487
"488","2016-09-13",2018423.5,294475,"Tuesday",0,24826.23,9587.97,0,0,488
"489","2016-09-14",2043989.16,297591,"Wednesday",0,6150.22,8361.19,0,0,489
"490","2016-09-15",2005868.03,289109,"Thursday",0,10128.22,11571.27,0,0,490
"491","2016-09-16",2376165.37,330242,"Friday",0,6150.22,72093.46,0,0,491
"492","2016-09-17",3311156.88,427800,"Saturday",0,6150.22,104077.62,0,0,492
"493","2016-09-18",2945346.46,364130,"Sunday",0,6150.26,74791.61,0,0,493
"494","2016-09-19",1783507.75,268320,"Monday",0,615.64,82014.41,0,0,494
"495","2016-09-20",1794696.03,271123,"Tuesday",0,615.64,69414.74,0,0,495
"496","2016-09-21",1838134.32,271987,"Wednesday",0,615.64,89483.12,0,0,496
"497","2016-09-22",1879087.57,280307,"Thursday",0,615.64,82746.82,0,0,497
"498","2016-09-23",2364139.56,334050,"Friday",0,615.64,62521.39,0,0,498
"499","2016-09-24",3194898.16,419293,"Saturday",0,615.64,45246.94,0,0,499
"500","2016-09-25",2804283.11,352780,"Sunday",0,615.64,48236.65,0,0,500
"501","2016-09-26",1656883.05,254217,"Monday",0,7110.0287141217,0,0,0,501
"502","2016-09-27",1670701.36,256204,"Tuesday",0,7110.0287141217,0,0,0,502
"503","2016-09-28",1799180.65,264844,"Wednesday",0,7110.0287141217,0,0,0,503
"504","2016-09-29",1869107.57,271722,"Thursday",0,7110.0287141217,0,0,0,504
"505","2016-09-30",2420142.47,330195,"Friday",0,7110.0287141217,172971.19,0,0,505
"506","2016-10-01",3374815.27,419522,"Saturday",0,59390.5,77746.84,0,0,506
"507","2016-10-02",2953770.96,355137,"Sunday",0,7110.0287141217,119840.11,0,0,507
"508","2016-10-03",1765168.12,257775,"Monday",0,0,123320.16,0,0,508
"509","2016-10-04",1820962.89,263045,"Tuesday",0,3390.88,78429.36,0,0,509
"510","2016-10-05",1836450.91,263354,"Wednesday",0,3388.69,56474.31,0,0,510
"511","2016-10-06",1878543.88,267220,"Thursday",0,3388.69,44920.43,0,0,511
"512","2016-10-07",2471345.38,336153,"Friday",0,23775.2,51848.38,0,0,512
"513","2016-10-08",3477531.06,428754,"Saturday",0,8771.92,39966.97,0,0,513
"514","2016-10-09",3061733.98,361043,"Sunday",0,8771.92,80753.88,0,0,514
"515","2016-10-10",1738952.19,250776,"Monday",0,12066.26,6820.04,0,0,515
"516","2016-10-11",1752147.45,251807,"Tuesday",0,17071.03,6770.61,0,0,516
"517","2016-10-12",2060564.43,287985,"Wednesday",0,12066.19,7661.43,0,0,517
"518","2016-10-13",1840359.36,262375,"Thursday",0,12066.19,7267.62,0,0,518
"519","2016-10-14",2311171.59,310126,"Friday",0,12066.19,101430.92,0,0,519
"520","2016-10-15",3511936.37,430441,"Saturday",0,9564.64,52737.39,0,0,520
"521","2016-10-16",3135012.17,369144,"Sunday",0,9564.64,54131.12,0,0,521
"522","2016-10-17",1680223.04,245185,"Monday",0,4797.28,87667.38,0,0,522
"523","2016-10-18",1708689.59,248468,"Tuesday",0,4797.28,65742.17,0,0,523
"524","2016-10-19",1810750.65,258796,"Wednesday",0,4797.28,67417.38,0,0,524
"525","2016-10-20",1886628.29,268009,"Thursday",0,4797.28,41161.71,0,0,525
"526","2016-10-21",2442408.6,330231,"Friday",0,4797.28,52683.22,0,0,526
"527","2016-10-22",3385652.46,421626,"Saturday",0,4797.28,41573.18,0,0,527
"528","2016-10-23",2924749.63,348373,"Sunday",0,4797.28,43143.47,0,0,528
"529","2016-10-24",1593303.91,235489,"Monday",0,7110.0287141217,76684.52,0,0,529
"530","2016-10-25",1634591.16,239241,"Tuesday",0,7110.0287141217,80641.52,0,0,530
"531","2016-10-26",1730065.3,248632,"Wednesday",0,7110.0287141217,49062.78,0,0,531
"532","2016-10-27",1872619.58,264079,"Thursday",0,7110.0287141217,45662.55,0,0,532
"533","2016-10-28",2387120.12,321747,"Friday",0,7110.0287141217,145496.61,0,0,533
"534","2016-10-29",3281766.06,410756,"Saturday",0,7110.0287141217,115500.13,0,0,534
"535","2016-10-30",3048984.43,362232,"Sunday",0,7110.0287141217,74840.26,0,0,535
"536","2016-10-31",3155808.36,390298,"Monday",0,0,78556.93,0,0,536
"537","2016-11-01",2805793.73,333031,"Tuesday",0,89455.2,52726.71,0,0,537
"538","2016-11-02",1635953.63,241503,"Wednesday",0,0,60859.09,0,0,538
"539","2016-11-03",1613407.67,242033,"Thursday",0,0,35215.6,0,0,539
"540","2016-11-04",2126131.63,302667,"Friday",0,5038.75,55494.97,32868.71,0,540
"541","2016-11-05",2955959.53,388007,"Saturday",0,18794.47,150243.88,0,0,541
"542","2016-11-06",2673618.96,336061,"Sunday",14625.1,49871.19,269783.99,0,0,542
"543","2016-11-07",1517217.67,248047,"Monday",10959.9,27048.68,66764.2,0,0,543
"544","2016-11-08",1578668.33,240923,"Tuesday",0,615.64,69485.58,0,0,544
"545","2016-11-09",1933513.52,276538,"Wednesday",0,615.64,75218.38,0,0,545
"546","2016-11-10",1880333.5,267400,"Thursday",0,615.64,66230.51,0,0,546
"547","2016-11-11",2383745.75,321129,"Friday",0,615.64,306970.26,0,0,547
"548","2016-11-12",3458823.73,425122,"Saturday",0,615.64,88894.31,0,0,548
"549","2016-11-13",3122586.05,364888,"Sunday",0,615.64,80419.42,0,0,549
"550","2016-11-14",1681780.07,244650,"Monday",0,1416.84,97070.08,0,0,550
"551","2016-11-15",1761257.43,252715,"Tuesday",0,2218.71,73654.92,0,0,551
"552","2016-11-16",1828299.84,260541,"Wednesday",0,2218.04,70613.07,0,0,552
"553","2016-11-17",1890977.07,269805,"Thursday",0,2218.04,50262.5,0,0,553
"554","2016-11-18",2351916.4,317682,"Friday",0,2218.04,62473.94,0,0,554
"555","2016-11-19",3363202.2,415758,"Saturday",0,2218.04,77763.36,0,0,555
"556","2016-11-20",3096455.49,363476,"Sunday",0,2218.04,78885.61,0,0,556
"557","2016-11-21",1630477.67,236900,"Monday",0,1602.4,48792,0,0,557
"558","2016-11-22",1637020.4,238335,"Tuesday",0,1602.4,49943.55,0,0,558
"559","2016-11-23",1767186.38,252290,"Wednesday",0,1602.4,46857.27,0,0,559
"560","2016-11-24",1793217.47,254012,"Thursday",0,1602.4,49907.04,0,0,560
"561","2016-11-25",2664238.35,350542,"Friday",0,1602.4,27854.68,0,0,561
"562","2016-11-26",3480630.04,428181,"Saturday",0,1602.4,64916.99,0,0,562
"563","2016-11-27",3133749.49,367419,"Sunday",0,1602.4,79915.07,0,0,563
"564","2016-11-28",1616102.81,239002,"Monday",0,0,0,0,0,564
"565","2016-11-29",1634542.79,241249,"Tuesday",0,0,0,0,0,565
"566","2016-11-30",1766857.09,251819,"Wednesday",0,0,0,0,0,566
"567","2016-12-01",1871000.88,261393,"Thursday",0,19504,0,0,0,567
"568","2016-12-02",2471755.32,327575,"Friday",0,0,91618.28,32868.71,68600,568
"569","2016-12-03",3393116.82,415358,"Saturday",0,24083.95,152313.78,0,0,569
"570","2016-12-04",3216385.32,370677,"Sunday",14625.1,38511.28,209664.2,0,0,570
"571","2016-12-05",1942143.83,276359,"Monday",10959.9,15028.01,95382.4,0,0,571
"572","2016-12-06",1809877.23,253889,"Tuesday",0,1243.46,88049.35,0,0,572
"573","2016-12-07",2354003.43,312412,"Wednesday",0,1243.46,100030.73,0,0,573
"574","2016-12-08",3135350.84,359341,"Thursday",0,1243.46,75039.77,0,0,574
"575","2016-12-09",2607241.08,326972,"Friday",0,1243.46,81139.54,0,0,575
"576","2016-12-10",3248740.25,399436,"Saturday",0,1243.46,80183.7,0,0,576
"577","2016-12-11",3016142.31,349298,"Sunday",0,1243.46,48909.64,0,0,577
"578","2016-12-12",1715392.71,244019,"Monday",0,1243.46,43434.53,0,0,578
"579","2016-12-13",1795031.19,253550,"Tuesday",0,1243.46,93005.71,0,0,579
"580","2016-12-14",2053544.77,282184,"Wednesday",0,1243.46,105597.11,0,0,580
"581","2016-12-15",2056103.69,278453,"Thursday",0,1243.46,10649.88,0,0,581
"582","2016-12-16",2547048.48,332805,"Friday",0,1243.46,6866.54,0,0,582
"583","2016-12-17",3586932.34,427704,"Saturday",0,1243.46,8833.63,0,0,583
"584","2016-12-18",3403263.64,382864,"Sunday",0,1243.46,12347.4,0,0,584
"585","2016-12-19",1956436.94,271190,"Monday",0,7110.0287141217,10514.89,0,0,585
"586","2016-12-20",2094342.69,282754,"Tuesday",0,7110.0287141217,7202.4,0,0,586
"587","2016-12-21",2330654.95,309763,"Wednesday",0,7110.0287141217,130341.62,0,0,587
"588","2016-12-22",2718072.02,356504,"Thursday",0,7110.0287141217,94383.86,0,0,588
"589","2016-12-23",3162667.62,393831,"Friday",0,7110.0287141217,85484.77,0,0,589
"590","2016-12-24",1846490.55,234008,"Saturday",0,7110.0287141217,0,0,0,590
"591","2016-12-25",1003300.82,126223,"Sunday",0,7110.0287141217,0,0,0,591
"592","2016-12-26",2417046.26,282255,"Monday",0,0,0,0,0,592
"593","2016-12-27",2537090.81,321834,"Tuesday",0,0,0,0,0,593
"594","2016-12-28",2526135.45,316743,"Wednesday",0,0,0,0,0,594
"595","2016-12-29",2467957.22,309224,"Thursday",0,0,0,0,0,595
"596","2016-12-30",2741950.91,336890,"Friday",0,0,19176.2293577267,0,0,596
"597","2016-12-31",1787391.42,226400,"Saturday",0,0,19030.879622944,0,0,597
"598","2017-01-01",2484249.2,277654,"Sunday",0,81771.03,158201.83,0,0,598
"599","2017-01-02",2458869.44,314925,"Monday",0,38203.24,28679.53,0,0,599
"600","2017-01-03",2253161.91,290403,"Tuesday",0,4168.54,1707.1,0,0,600
"601","2017-01-04",2412254.33,304363,"Wednesday",0,4168.54,1518.37,0,59800,601
"602","2017-01-05",2716157.39,334533,"Thursday",0,4168.54,3337.2,0,0,602
"603","2017-01-06",2881015.76,337040,"Friday",0,4168.54,55152.79,0,0,603
"604","2017-01-07",3159359.29,376502,"Saturday",0,4168.54,81364.22,0,0,604
"605","2017-01-08",2797253.63,325208,"Sunday",0,4168.54,59803.88,0,0,605
"606","2017-01-09",1587844.61,229978,"Monday",0,4168.54,61474.91,0,0,606
"607","2017-01-10",1544565.85,225237,"Tuesday",0,4168.54,45923.19,0,0,607
"608","2017-01-11",1928734.48,269039,"Wednesday",0,4168.54,60365.92,0,0,608
"609","2017-01-12",1753199.8,247670,"Thursday",0,4168.54,51388.85,0,0,609
"610","2017-01-13",2191611.73,295288,"Friday",0,19789.1,70060.04,0,0,610
"611","2017-01-14",3475085.18,423875,"Saturday",0,9764.03,117197.47,0,0,611
"612","2017-01-15",2883097.79,341254,"Sunday",0,9764.03,47754.06,0,0,612
"613","2017-01-16",1632173.27,237832,"Monday",0,14830.83,52710.99,0,0,613
"614","2017-01-17",1651525.18,238722,"Tuesday",0,18171.49,36516.06,0,0,614
"615","2017-01-18",1815476.99,254192,"Wednesday",0,14828.16,54302.65,0,0,615
"616","2017-01-19",1832519.68,259945,"Thursday",0,14828.16,60083.16,0,0,616
"617","2017-01-20",2307208.94,314715,"Friday",0,21509.16,32521.71,0,0,617
"618","2017-01-21",3322728.01,414362,"Saturday",0,14828.16,61061.02,0,0,618
"619","2017-01-22",2899966.77,346718,"Sunday",0,14828.16,63887.63,0,0,619
"620","2017-01-23",1588312.01,233835,"Monday",0,29852.68,19000.2,16338.638028169,18305.34,620
"621","2017-01-24",1647764.2,243445,"Tuesday",0,19852.68,0,16338.638028169,18305.34,621
"622","2017-01-25",1725042.73,251054,"Wednesday",0,27158.88,0,16338.638028169,18305.34,622
"623","2017-01-26",1789121.99,260463,"Thursday",0,23231.88,0,0,18305.34,623
"624","2017-01-27",2313155.37,319815,"Friday",0,23821.21,69921.24,0,18305.34,624
"625","2017-01-28",3252262.25,411206,"Saturday",0,20477.88,48652.76,0,0,625
"626","2017-01-29",2922022.19,353140,"Sunday",0,20477.93,67020.01,0,0,626
"627","2017-01-30",1613562.44,239630,"Monday",0,8083.66,66704.5,0,18305.34,627
"628","2017-01-31",1638835.08,243643,"Tuesday",0,8083.75,48800.69,0,18305.34,628
"629","2017-02-01",1741866.55,251362,"Wednesday",0,30123.9,51134.55,0,18305.34,629
"630","2017-02-02",1751642.88,254271,"Thursday",0,9784.64,39304.59,0,18305.34,630
"631","2017-02-03",2254869.43,312629,"Friday",0,7030.64,51637.24,24054.16,18305.34,631
"632","2017-02-04",3183333.76,408615,"Saturday",0,7030.64,88098.42,9018.5,0,632
"633","2017-02-05",2710928.44,334602,"Sunday",0,57223.64,56112.65,0,0,633
"634","2017-02-06",1525421.99,241096,"Monday",0,45873.91,11673.62,0,18305.34,634
"635","2017-02-07",1635090.7,244172,"Tuesday",0,7745.24,0,0,18305.34,635
"636","2017-02-08",1867849.09,273014,"Wednesday",0,7745.24,0,0,18305.34,636
"637","2017-02-09",1789510.19,259230,"Thursday",0,10499.24,33660,0,18305.34,637
"638","2017-02-10",2277300.88,315266,"Friday",0,7745.24,0,0,18305.34,638
"639","2017-02-11",3275644.67,418978,"Saturday",0,7745.24,42840,0,0,639
"640","2017-02-12",2895866.7,355573,"Sunday",0,7745.27,0,0,0,640
