"","BUSINESS_DATE","sales","visits","weekday","NET_COST","FORMAT.15 secondi","FORMAT.20 secondi","FORMAT.30 secondi","NETWORK.Area News-Radio Margherita-Kiss Kiss Italia","NETWORK.CNR Radio FM","NETWORK.R101","NETWORK.Radio 105 Network","NETWORK.Radio Deejay Network","NETWORK.Radio Dimensione Suono Network","NETWORK.Radio Italia Solo Musica Italiana","NETWORK.Radio Kiss Kiss Network","NETWORK.Radio Sportiva","NETWORK.Radiodue","NETWORK.Radiouno","NETWORK.RTL 102.5 Hit Radio","NETWORK.Teamradio University","NETWORK.Virgin Radio","trend"
"1","2015-05-15",2263414.5,323132,"Friday",0,0,0,0,0,0,0,0,0,0,0,0,0,0,0,0,0,0,1
"2","2015-05-16",3198848.22,428224,"Saturday",0,0,0,0,0,0,0,0,0,0,0,0,0,0,0,0,0,0,2
"3","2015-05-17",2652109.29,346900,"Sunday",0,0,0,0,0,0,0,0,0,0,0,0,0,0,0,0,0,0,3
"4","2015-05-18",1571493.48,248765,"Monday",0,0,0,0,0,0,0,0,0,0,0,0,0,0,0,0,0,0,4
"5","2015-05-19",1604789.75,252006,"Tuesday",0,0,0,0,0,0,0,0,0,0,0,0,0,0,0,0,0,0,5
"6","2015-05-20",1741078.8,261276,"Wednesday",0,0,0,0,0,0,0,0,0,0,0,0,0,0,0,0,0,0,6
"7","2015-05-21",1842485.61,272067,"Thursday",0,0,0,0,0,0,0,0,0,0,0,0,0,0,0,0,0,0,7
"8","2015-05-22",2337235.58,328838,"Friday",0,0,0,0,0,0,0,0,0,0,0,0,0,0,0,0,0,0,8
"9","2015-05-23",3329547.02,432912,"Saturday",0,0,0,0,0,0,0,0,0,0,0,0,0,0,0,0,0,0,9
"10","2015-05-24",2900727.07,362488,"Sunday",0,0,0,0,0,0,0,0,0,0,0,0,0,0,0,0,0,0,10
"11","2015-05-25",1714534.05,256064,"Monday",0,0,0,0,0,0,0,0,0,0,0,0,0,0,0,0,0,0,11
"12","2015-05-26",1764493.83,262043,"Tuesday",0,0,0,0,0,0,0,0,0,0,0,0,0,0,0,0,0,0,12
"13","2015-05-27",1851841.28,271253,"Wednesday",0,0,0,0,0,0,0,0,0,0,0,0,0,0,0,0,0,0,13
"14","2015-05-28",1973086.05,288867,"Thursday",0,0,0,0,0,0,0,0,0,0,0,0,0,0,0,0,0,0,14
"15","2015-05-29",2398711.7,337308,"Friday",0,0,0,0,0,0,0,0,0,0,0,0,0,0,0,0,0,0,15
"16","2015-05-30",3133487.56,413036,"Saturday",0,0,0,0,0,0,0,0,0,0,0,0,0,0,0,0,0,0,16
"17","2015-05-31",2806835.03,355978,"Sunday",0,0,0,0,0,0,0,0,0,0,0,0,0,0,0,0,0,0,17
"18","2015-06-01",2520219.56,334772,"Monday",42500,0,0,1,0,0,0,1,0,0,0,0,0,0,0,0,0,0,18
"19","2015-06-02",2779862.13,344845,"Tuesday",0,0,0,0,0,0,0,0,0,0,0,0,0,0,0,0,0,0,19
"20","2015-06-03",1643371.94,257967,"Wednesday",0,0,0,0,0,0,0,0,0,0,0,0,0,0,0,0,0,0,20
"21","2015-06-04",1805133.03,276989,"Thursday",0,0,0,0,0,0,0,0,0,0,0,0,0,0,0,0,0,0,21
"22","2015-06-05",2222026.13,330876,"Friday",0,0,0,0,0,0,0,0,0,0,0,0,0,0,0,0,0,0,22
"23","2015-06-06",2701906.27,376848,"Saturday",0,0,0,0,0,0,0,0,0,0,0,0,0,0,0,0,0,0,23
"24","2015-06-07",2591297.64,339633,"Sunday",0,0,0,0,0,0,0,0,0,0,0,0,0,0,0,0,0,0,24
"25","2015-06-08",2033045.38,307721,"Monday",0,0,0,0,0,0,0,0,0,0,0,0,0,0,0,0,0,0,25
"26","2015-06-09",1902668.7,284607,"Tuesday",0,0,0,0,0,0,0,0,0,0,0,0,0,0,0,0,0,0,26
"27","2015-06-10",2082660.79,302623,"Wednesday",0,0,0,0,0,0,0,0,0,0,0,0,0,0,0,0,0,0,27
"28","2015-06-11",2115439.76,307411,"Thursday",0,0,0,0,0,0,0,0,0,0,0,0,0,0,0,0,0,0,28
"29","2015-06-12",2450839.35,337222,"Friday",0,0,0,0,0,0,0,0,0,0,0,0,0,0,0,0,0,0,29
"30","2015-06-13",3144462.65,407715,"Saturday",0,0,0,0,0,0,0,0,0,0,0,0,0,0,0,0,0,0,30
"31","2015-06-14",3061493.33,371740,"Sunday",0,0,0,0,0,0,0,0,0,0,0,0,0,0,0,0,0,0,31
"32","2015-06-15",2038896.55,291115,"Monday",0,0,0,0,0,0,0,0,0,0,0,0,0,0,0,0,0,0,32
"33","2015-06-16",2066238.08,293709,"Tuesday",0,0,0,0,0,0,0,0,0,0,0,0,0,0,0,0,0,0,33
"34","2015-06-17",2203636.3,308485,"Wednesday",0,0,0,0,0,0,0,0,0,0,0,0,0,0,0,0,0,0,34
"35","2015-06-18",2184342.68,306708,"Thursday",0,0,0,0,0,0,0,0,0,0,0,0,0,0,0,0,0,0,35
"36","2015-06-19",2454233.9,336792,"Friday",0,0,0,0,0,0,0,0,0,0,0,0,0,0,0,0,0,0,36
"37","2015-06-20",3099976.76,397556,"Saturday",0,0,0,0,0,0,0,0,0,0,0,0,0,0,0,0,0,0,37
"38","2015-06-21",2740950.15,344449,"Sunday",0,0,0,0,0,0,0,0,0,0,0,0,0,0,0,0,0,0,38
"39","2015-06-22",1950436.22,281972,"Monday",0,0,0,0,0,0,0,0,0,0,0,0,0,0,0,0,0,0,39
"40","2015-06-23",2007594.05,288679,"Tuesday",0,0,0,0,0,0,0,0,0,0,0,0,0,0,0,0,0,0,40
"41","2015-06-24",2122284.59,298329,"Wednesday",0,0,0,0,0,0,0,0,0,0,0,0,0,0,0,0,0,0,41
"42","2015-06-25",2094289.28,297804,"Thursday",0,0,0,0,0,0,0,0,0,0,0,0,0,0,0,0,0,0,42
"43","2015-06-26",2372084.95,329855,"Friday",0,0,0,0,0,0,0,0,0,0,0,0,0,0,0,0,0,0,43
"44","2015-06-27",2896319.1,381731,"Saturday",0,0,0,0,0,0,0,0,0,0,0,0,0,0,0,0,0,0,44
"45","2015-06-28",2602530.42,334343,"Sunday",0,0,0,0,0,0,0,0,0,0,0,0,0,0,0,0,0,0,45
"46","2015-06-29",2019773.05,287040,"Monday",0,0,0,0,0,0,0,0,0,0,0,0,0,0,0,0,0,0,46
"47","2015-06-30",1951591.25,284851,"Tuesday",0,0,0,0,0,0,0,0,0,0,0,0,0,0,0,0,0,0,47
"48","2015-07-01",1972536.79,288585,"Wednesday",0,0,0,0,0,0,0,0,0,0,0,0,0,0,0,0,0,0,48
"49","2015-07-02",1985006.42,292531,"Thursday",0,0,0,0,0,0,0,0,0,0,0,0,0,0,0,0,0,0,49
"50","2015-07-03",2265625.61,326224,"Friday",0,0,0,0,0,0,0,0,0,0,0,0,0,0,0,0,0,0,50
"51","2015-07-04",2984932.21,407409,"Saturday",0,0,0,0,0,0,0,0,0,0,0,0,0,0,0,0,0,0,51
"52","2015-07-05",2665750.56,355819,"Sunday",42500,0,0,1,0,0,0,1,0,0,0,0,0,0,0,0,0,0,52
"53","2015-07-06",1981921.96,298843,"Monday",0,0,0,0,0,0,0,0,0,0,0,0,0,0,0,0,0,0,53
"54","2015-07-07",1979114.19,299306,"Tuesday",0,0,0,0,0,0,0,0,0,0,0,0,0,0,0,0,0,0,54
"55","2015-07-08",2062678.54,302916,"Wednesday",0,0,0,0,0,0,0,0,0,0,0,0,0,0,0,0,0,0,55
"56","2015-07-09",2168955.38,312742,"Thursday",0,0,0,0,0,0,0,0,0,0,0,0,0,0,0,0,0,0,56
"57","2015-07-10",2410896.74,340477,"Friday",0,0,0,0,0,0,0,0,0,0,0,0,0,0,0,0,0,0,57
"58","2015-07-11",2913534.57,393113,"Saturday",0,0,0,0,0,0,0,0,0,0,0,0,0,0,0,0,0,0,58
"59","2015-07-12",2685937.52,350585,"Sunday",0,0,0,0,0,0,0,0,0,0,0,0,0,0,0,0,0,0,59
"60","2015-07-13",2038089.08,299910,"Monday",0,0,0,0,0,0,0,0,0,0,0,0,0,0,0,0,0,0,60
"61","2015-07-14",2005070.09,298649,"Tuesday",0,0,0,0,0,0,0,0,0,0,0,0,0,0,0,0,0,0,61
"62","2015-07-15",2124351.03,310957,"Wednesday",0,0,0,0,0,0,0,0,0,0,0,0,0,0,0,0,0,0,62
"63","2015-07-16",2151986.47,317348,"Thursday",0,0,0,0,0,0,0,0,0,0,0,0,0,0,0,0,0,0,63
"64","2015-07-17",2452802.2,353316,"Friday",0,0,0,0,0,0,0,0,0,0,0,0,0,0,0,0,0,0,64
"65","2015-07-18",2928130.48,398741,"Saturday",0,0,0,0,0,0,0,0,0,0,0,0,0,0,0,0,0,0,65
"66","2015-07-19",2730389.84,359671,"Sunday",0,0,0,0,0,0,0,0,0,0,0,0,0,0,0,0,0,0,66
"67","2015-07-20",2042866.83,304602,"Monday",0,0,0,0,0,0,0,0,0,0,0,0,0,0,0,0,0,0,67
"68","2015-07-21",2050909.81,307396,"Tuesday",0,0,0,0,0,0,0,0,0,0,0,0,0,0,0,0,0,0,68
"69","2015-07-22",2123423,314103,"Wednesday",0,0,0,0,0,0,0,0,0,0,0,0,0,0,0,0,0,0,69
"70","2015-07-23",2169603.11,317158,"Thursday",0,0,0,0,0,0,0,0,0,0,0,0,0,0,0,0,0,0,70
"71","2015-07-24",2448152.84,342454,"Friday",0,0,0,0,0,0,0,0,0,0,0,0,0,0,0,0,0,0,71
"72","2015-07-25",3001481.15,397681,"Saturday",0,0,0,0,0,0,0,0,0,0,0,0,0,0,0,0,0,0,72
"73","2015-07-26",2754305.73,356409,"Sunday",0,0,0,0,0,0,0,0,0,0,0,0,0,0,0,0,0,0,73
"74","2015-07-27",2048771.22,299121,"Monday",0,0,0,0,0,0,0,0,0,0,0,0,0,0,0,0,0,0,74
"75","2015-07-28",2039771.33,298721,"Tuesday",0,0,0,0,0,0,0,0,0,0,0,0,0,0,0,0,0,0,75
"76","2015-07-29",2125412.98,304611,"Wednesday",0,0,0,0,0,0,0,0,0,0,0,0,0,0,0,0,0,0,76
"77","2015-07-30",2239638.4,314893,"Thursday",0,0,0,0,0,0,0,0,0,0,0,0,0,0,0,0,0,0,77
"78","2015-07-31",2552005.51,348912,"Friday",0,0,0,0,0,0,0,0,0,0,0,0,0,0,0,0,0,0,78
"79","2015-08-01",3142684.6,400027,"Saturday",0,0,0,0,0,0,0,0,0,0,0,0,0,0,0,0,0,0,79
"80","2015-08-02",2811498.18,360242,"Sunday",0,0,0,0,0,0,0,0,0,0,0,0,0,0,0,0,0,0,80
"81","2015-08-03",2107780.91,301335,"Monday",42500,0,0,1,0,0,0,1,0,0,0,0,0,0,0,0,0,0,81
"82","2015-08-04",2107150.17,300898,"Tuesday",0,0,0,0,0,0,0,0,0,0,0,0,0,0,0,0,0,0,82
"83","2015-08-05",2140872.96,304979,"Wednesday",0,0,0,0,0,0,0,0,0,0,0,0,0,0,0,0,0,0,83
"84","2015-08-06",2196386.51,310670,"Thursday",0,0,0,0,0,0,0,0,0,0,0,0,0,0,0,0,0,0,84
"85","2015-08-07",2418219.72,336200,"Friday",0,0,0,0,0,0,0,0,0,0,0,0,0,0,0,0,0,0,85
"86","2015-08-08",2781961.52,369443,"Saturday",0,0,0,0,0,0,0,0,0,0,0,0,0,0,0,0,0,0,86
"87","2015-08-09",2602773.62,337843,"Sunday",0,0,0,0,0,0,0,0,0,0,0,0,0,0,0,0,0,0,87
"88","2015-08-10",2464672.28,315396,"Monday",0,0,0,0,0,0,0,0,0,0,0,0,0,0,0,0,0,0,88
"89","2015-08-11",2380640.01,311184,"Tuesday",0,0,0,0,0,0,0,0,0,0,0,0,0,0,0,0,0,0,89
"90","2015-08-12",2301746.4,307201,"Wednesday",0,0,0,0,0,0,0,0,0,0,0,0,0,0,0,0,0,0,90
"91","2015-08-13",2230995.3,304008,"Thursday",0,0,0,0,0,0,0,0,0,0,0,0,0,0,0,0,0,0,91
"92","2015-08-14",2460008.75,326369,"Friday",0,0,0,0,0,0,0,0,0,0,0,0,0,0,0,0,0,0,92
"93","2015-08-15",2251317.63,288312,"Saturday",0,0,0,0,0,0,0,0,0,0,0,0,0,0,0,0,0,0,93
"94","2015-08-16",3194853.46,374433,"Sunday",0,0,0,0,0,0,0,0,0,0,0,0,0,0,0,0,0,0,94
"95","2015-08-17",2381507.82,311701,"Monday",0,0,0,0,0,0,0,0,0,0,0,0,0,0,0,0,0,0,95
"96","2015-08-18",2201246.47,295444,"Tuesday",0,0,0,0,0,0,0,0,0,0,0,0,0,0,0,0,0,0,96
"97","2015-08-19",2445403.07,315458,"Wednesday",0,0,0,0,0,0,0,0,0,0,0,0,0,0,0,0,0,0,97
"98","2015-08-20",2157421.53,296196,"Thursday",0,0,0,0,0,0,0,0,0,0,0,0,0,0,0,0,0,0,98
"99","2015-08-21",2300600.92,313925,"Friday",0,0,0,0,0,0,0,0,0,0,0,0,0,0,0,0,0,0,99
"100","2015-08-22",2572543.64,345375,"Saturday",0,0,0,0,0,0,0,0,0,0,0,0,0,0,0,0,0,0,100
"101","2015-08-23",2517698.94,325949,"Sunday",0,0,0,0,0,0,0,0,0,0,0,0,0,0,0,0,0,0,101
"102","2015-08-24",2190942.71,298400,"Monday",0,0,0,0,0,0,0,0,0,0,0,0,0,0,0,0,0,0,102
"103","2015-08-25",2017139.87,290507,"Tuesday",0,0,0,0,0,0,0,0,0,0,0,0,0,0,0,0,0,0,103
"104","2015-08-26",1971085.19,285865,"Wednesday",0,0,0,0,0,0,0,0,0,0,0,0,0,0,0,0,0,0,104
"105","2015-08-27",2114482.7,300033,"Thursday",0,0,0,0,0,0,0,0,0,0,0,0,0,0,0,0,0,0,105
"106","2015-08-28",2362329.2,330403,"Friday",0,0,0,0,0,0,0,0,0,0,0,0,0,0,0,0,0,0,106
"107","2015-08-29",2849378.85,381499,"Saturday",0,0,0,0,0,0,0,0,0,0,0,0,0,0,0,0,0,0,107
"108","2015-08-30",2690080.27,350410,"Sunday",0,0,0,0,0,0,0,0,0,0,0,0,0,0,0,0,0,0,108
"109","2015-08-31",2169109.38,307976,"Monday",0,0,0,0,0,0,0,0,0,0,0,0,0,0,0,0,0,0,109
"110","2015-09-01",2173661.38,311042,"Tuesday",0,0,0,0,0,0,0,0,0,0,0,0,0,0,0,0,0,0,110
"111","2015-09-02",2277501.3,322331,"Wednesday",0,0,0,0,0,0,0,0,0,0,0,0,0,0,0,0,0,0,111
"112","2015-09-03",2311591.21,328476,"Thursday",0,0,0,0,0,0,0,0,0,0,0,0,0,0,0,0,0,0,112
"113","2015-09-04",2639550.44,363187,"Friday",0,0,0,0,0,0,0,0,0,0,0,0,0,0,0,0,0,0,113
"114","2015-09-05",3349079.04,432006,"Saturday",0,0,0,0,0,0,0,0,0,0,0,0,0,0,0,0,0,0,114
"115","2015-09-06",3067420.89,387799,"Sunday",42500,0,0,1,0,0,0,1,0,0,0,0,0,0,0,0,0,0,115
"116","2015-09-07",2214567.62,320709,"Monday",0,0,0,0,0,0,0,0,0,0,0,0,0,0,0,0,0,0,116
"117","2015-09-08",2256610.46,324578,"Tuesday",0,0,0,0,0,0,0,0,0,0,0,0,0,0,0,0,0,0,117
"118","2015-09-09",2288193.19,322560,"Wednesday",0,0,0,0,0,0,0,0,0,0,0,0,0,0,0,0,0,0,118
"119","2015-09-10",2413817.44,340910,"Thursday",0,0,0,0,0,0,0,0,0,0,0,0,0,0,0,0,0,0,119
"120","2015-09-11",2773855.63,380657,"Friday",8666.84,0,1,0,0,0,1,1,0,1,1,1,0,0,0,1,0,1,120
"121","2015-09-12",3364700.13,436067,"Saturday",8666.84,0,1,0,0,0,1,1,0,1,1,1,0,0,0,1,0,1,121
"122","2015-09-13",3023011.45,380951,"Sunday",9443.72,0,1,0,1,0,1,1,0,1,1,1,0,0,1,1,0,1,122
"123","2015-09-14",2202870.51,318068,"Monday",9617.12,0,1,0,1,0,1,1,0,1,1,1,0,0,1,1,0,1,123
"124","2015-09-15",2010627.92,300993,"Tuesday",9617.12,0,1,0,1,0,1,1,0,1,1,1,0,0,1,1,0,1,124
"125","2015-09-16",1992772.54,299949,"Wednesday",9572.92,0,1,0,1,0,1,1,0,1,1,1,0,1,1,1,0,1,125
"126","2015-09-17",1987262.08,301809,"Thursday",9678.32,0,1,0,1,0,1,1,0,1,1,1,0,0,1,1,0,1,126
"127","2015-09-18",2489570.72,358390,"Friday",9661.32,0,1,0,1,0,1,1,0,1,1,1,0,1,1,1,0,1,127
"128","2015-09-19",3344787.36,447457,"Saturday",9596.72,0,1,0,1,0,1,1,0,1,1,1,0,0,1,1,0,1,128
"129","2015-09-20",2965862.98,379264,"Sunday",8666.84,0,1,0,0,0,1,1,0,1,1,1,0,0,0,1,0,1,129
"130","2015-09-21",1777971.98,276109,"Monday",8666.84,0,1,0,0,0,1,1,0,1,1,1,0,0,0,1,0,1,130
"131","2015-09-22",1806005.61,279835,"Tuesday",8666.84,0,1,0,0,0,1,1,0,1,1,1,0,0,0,1,0,1,131
"132","2015-09-23",1855185.69,279393,"Wednesday",8666.84,0,1,0,0,0,1,1,0,1,1,1,0,0,0,1,0,1,132
"133","2015-09-24",1997027.31,299607,"Thursday",8666.84,0,1,0,0,0,1,1,0,1,1,1,0,0,0,1,0,1,133
"134","2015-09-25",2466808.34,356239,"Friday",0,0,0,0,0,0,0,0,0,0,0,0,0,0,0,0,0,0,134
"135","2015-09-26",3294679.65,441249,"Saturday",0,0,0,0,0,0,0,0,0,0,0,0,0,0,0,0,0,0,135
"136","2015-09-27",2960270.44,377098,"Sunday",0,0,0,0,0,0,0,0,0,0,0,0,0,0,0,0,0,0,136
"137","2015-09-28",1725171,267368,"Monday",0,0,0,0,0,0,0,0,0,0,0,0,0,0,0,0,0,0,137
"138","2015-09-29",1767263.16,273375,"Tuesday",0,0,0,0,0,0,0,0,0,0,0,0,0,0,0,0,0,0,138
"139","2015-09-30",1895779.88,280167,"Wednesday",0,0,0,0,0,0,0,0,0,0,0,0,0,0,0,0,0,0,139
"140","2015-10-01",1934449.36,281875,"Thursday",42500,0,0,1,0,0,0,1,0,0,0,0,0,0,0,0,0,0,140
"141","2015-10-02",2411388.55,337123,"Friday",8996.36,0,1,0,0,1,0,1,1,1,0,0,0,1,1,0,0,1,141
"142","2015-10-03",3567128.36,452908,"Saturday",8762.1,0,1,0,0,1,0,1,1,1,0,0,0,1,1,0,0,1,142
"143","2015-10-04",3094923.74,379343,"Sunday",8869.43,0,1,0,0,1,0,1,1,1,0,0,0,1,1,0,0,1,143
"144","2015-10-05",1767151.76,265322,"Monday",8900.37,0,1,0,0,1,0,1,1,1,0,0,0,1,1,0,0,1,144
"145","2015-10-06",1762381.98,264984,"Tuesday",9192.09,0,1,0,0,1,0,1,1,1,0,0,0,1,1,0,0,1,145
"146","2015-10-07",1854500,274448,"Wednesday",9116.95,0,1,0,0,1,0,1,1,1,0,0,0,1,1,0,0,1,146
"147","2015-10-08",1938439.68,283231,"Thursday",9008.98,0,1,0,0,1,0,1,1,1,0,0,0,1,1,0,0,1,147
"148","2015-10-09",2539034,354457,"Friday",0,0,0,0,0,0,0,0,0,0,0,0,0,0,0,0,0,0,148
"149","2015-10-10",3408944.91,430196,"Saturday",0,0,0,0,0,0,0,0,0,0,0,0,0,0,0,0,0,0,149
"150","2015-10-11",3146691.5,382317,"Sunday",0,0,0,0,0,0,0,0,0,0,0,0,0,0,0,0,0,0,150
"151","2015-10-12",1777011.45,265483,"Monday",0,0,0,0,0,0,0,0,0,0,0,0,0,0,0,0,0,0,151
"152","2015-10-13",1791708.58,265729,"Tuesday",0,0,0,0,0,0,0,0,0,0,0,0,0,0,0,0,0,0,152
"153","2015-10-14",1854702.31,272229,"Wednesday",0,0,0,0,0,0,0,0,0,0,0,0,0,0,0,0,0,0,153
"154","2015-10-15",1972279.79,284397,"Thursday",0,0,0,0,0,0,0,0,0,0,0,0,0,0,0,0,0,0,154
"155","2015-10-16",2491593.45,345298,"Friday",0,0,0,0,0,0,0,0,0,0,0,0,0,0,0,0,0,0,155
"156","2015-10-17",3522846.85,448196,"Saturday",0,0,0,0,0,0,0,0,0,0,0,0,0,0,0,0,0,0,156
"157","2015-10-18",2994293.14,366901,"Sunday",0,0,0,0,0,0,0,0,0,0,0,0,0,0,0,0,0,0,157
"158","2015-10-19",1726035.63,258509,"Monday",0,0,0,0,0,0,0,0,0,0,0,0,0,0,0,0,0,0,158
"159","2015-10-20",1740074.39,259420,"Tuesday",0,0,0,0,0,0,0,0,0,0,0,0,0,0,0,0,0,0,159
"160","2015-10-21",1815304.62,265725,"Wednesday",0,0,0,0,0,0,0,0,0,0,0,0,0,0,0,0,0,0,160
"161","2015-10-22",1875809.89,274388,"Thursday",0,0,0,0,0,0,0,0,0,0,0,0,0,0,0,0,0,0,161
"162","2015-10-23",2405678.19,335505,"Friday",0,0,0,0,0,0,0,0,0,0,0,0,0,0,0,0,0,0,162
"163","2015-10-24",3479826.76,446396,"Saturday",0,0,0,0,0,0,0,0,0,0,0,0,0,0,0,0,0,0,163
"164","2015-10-25",2948099.19,363873,"Sunday",0,0,0,0,0,0,0,0,0,0,0,0,0,0,0,0,0,0,164
"165","2015-10-26",1612062.61,245064,"Monday",0,0,0,0,0,0,0,0,0,0,0,0,0,0,0,0,0,0,165
"166","2015-10-27",1630328.08,247918,"Tuesday",0,0,0,0,0,0,0,0,0,0,0,0,0,0,0,0,0,0,166
"167","2015-10-28",1626185.93,243305,"Wednesday",0,0,0,0,0,0,0,0,0,0,0,0,0,0,0,0,0,0,167
"168","2015-10-29",1734295.64,256773,"Thursday",0,0,0,0,0,0,0,0,0,0,0,0,0,0,0,0,0,0,168
"169","2015-10-30",2299306.87,324756,"Friday",0,0,0,0,0,0,0,0,0,0,0,0,0,0,0,0,0,0,169
"170","2015-10-31",3341761.49,432176,"Saturday",0,0,0,0,0,0,0,0,0,0,0,0,0,0,0,0,0,0,170
"171","2015-11-01",2835041.03,351081,"Sunday",0,0,0,0,0,0,0,0,0,0,0,0,0,0,0,0,0,0,171
"172","2015-11-02",1983927.3,279769,"Monday",0,0,0,0,0,0,0,0,0,0,0,0,0,0,0,0,0,0,172
"173","2015-11-03",1585567.36,241896,"Tuesday",0,0,0,0,0,0,0,0,0,0,0,0,0,0,0,0,0,0,173
"174","2015-11-04",1671490.73,251587,"Wednesday",0,0,0,0,0,0,0,0,0,0,0,0,0,0,0,0,0,0,174
"175","2015-11-05",1750428.48,260757,"Thursday",0,0,0,0,0,0,0,0,0,0,0,0,0,0,0,0,0,0,175
"176","2015-11-06",2282095.48,323440,"Friday",0,0,0,0,0,0,0,0,0,0,0,0,0,0,0,0,0,0,176
"177","2015-11-07",3311618.08,432003,"Saturday",0,0,0,0,0,0,0,0,0,0,0,0,0,0,0,0,0,0,177
"178","2015-11-08",2813566.73,351689,"Sunday",0,0,0,0,0,0,0,0,0,0,0,0,0,0,0,0,0,0,178
"179","2015-11-09",1545947.26,238433,"Monday",0,0,0,0,0,0,0,0,0,0,0,0,0,0,0,0,0,0,179
"180","2015-11-10",1634998.32,247453,"Tuesday",0,0,0,0,0,0,0,0,0,0,0,0,0,0,0,0,0,0,180
"181","2015-11-11",1730452.16,255967,"Wednesday",0,0,0,0,0,0,0,0,0,0,0,0,0,0,0,0,0,0,181
"182","2015-11-12",1810467.27,265256,"Thursday",0,0,0,0,0,0,0,0,0,0,0,0,0,0,0,0,0,0,182
"183","2015-11-13",2402018.16,335483,"Friday",0,0,0,0,0,0,0,0,0,0,0,0,0,0,0,0,0,0,183
"184","2015-11-14",3349027.62,425733,"Saturday",0,0,0,0,0,0,0,0,0,0,0,0,0,0,0,0,0,0,184
"185","2015-11-15",3105885.48,370890,"Sunday",0,0,0,0,0,0,0,0,0,0,0,0,0,0,0,0,0,0,185
"186","2015-11-16",1586585.96,240713,"Monday",0,0,0,0,0,0,0,0,0,0,0,0,0,0,0,0,0,0,186
"187","2015-11-17",1649237.49,249380,"Tuesday",0,0,0,0,0,0,0,0,0,0,0,0,0,0,0,0,0,0,187
"188","2015-11-18",1708967.95,252481,"Wednesday",0,0,0,0,0,0,0,0,0,0,0,0,0,0,0,0,0,0,188
"189","2015-11-19",1780950.35,260916,"Thursday",0,0,0,0,0,0,0,0,0,0,0,0,0,0,0,0,0,0,189
"190","2015-11-20",2307938.35,321542,"Friday",0,0,0,0,0,0,0,0,0,0,0,0,0,0,0,0,0,0,190
"191","2015-11-21",3149087.59,402506,"Saturday",0,0,0,0,0,0,0,0,0,0,0,0,0,0,0,0,0,0,191
"192","2015-11-22",3047236.37,364361,"Sunday",0,0,0,0,0,0,0,0,0,0,0,0,0,0,0,0,0,0,192
"193","2015-11-23",1549572.07,233590,"Monday",0,0,0,0,0,0,0,0,0,0,0,0,0,0,0,0,0,0,193
"194","2015-11-24",1591287.86,238980,"Tuesday",0,0,0,0,0,0,0,0,0,0,0,0,0,0,0,0,0,0,194
"195","2015-11-25",1701344.17,249938,"Wednesday",0,0,0,0,0,0,0,0,0,0,0,0,0,0,0,0,0,0,195
"196","2015-11-26",1716751.5,252035,"Thursday",0,0,0,0,0,0,0,0,0,0,0,0,0,0,0,0,0,0,196
"197","2015-11-27",2346600.45,323255,"Friday",0,0,0,0,0,0,0,0,0,0,0,0,0,0,0,0,0,0,197
"198","2015-11-28",3328479.44,422768,"Saturday",0,0,0,0,0,0,0,0,0,0,0,0,0,0,0,0,0,0,198
"199","2015-11-29",2969416.56,359822,"Sunday",0,0,0,0,0,0,0,0,0,0,0,0,0,0,0,0,0,0,199
"200","2015-11-30",1587555.36,241076,"Monday",0,0,0,0,0,0,0,0,0,0,0,0,0,0,0,0,0,0,200
"201","2015-12-01",1702544.3,257326,"Tuesday",0,0,0,0,0,0,0,0,0,0,0,0,0,0,0,0,0,0,201
"202","2015-12-02",1765622.41,266923,"Wednesday",0,0,0,0,0,0,0,0,0,0,0,0,0,0,0,0,0,0,202
"203","2015-12-03",1797826.47,267949,"Thursday",0,0,0,0,0,0,0,0,0,0,0,0,0,0,0,0,0,0,203
"204","2015-12-04",2317930.3,336622,"Friday",0,0,0,0,0,0,0,0,0,0,0,0,0,0,0,0,0,0,204
"205","2015-12-05",3419958.46,435554,"Saturday",0,0,0,0,0,0,0,0,0,0,0,0,0,0,0,0,0,0,205
"206","2015-12-06",3204196.15,387971,"Sunday",0,0,0,0,0,0,0,0,0,0,0,0,0,0,0,0,0,0,206
"207","2015-12-07",2876947.17,372930,"Monday",0,0,0,0,0,0,0,0,0,0,0,0,0,0,0,0,0,0,207
"208","2015-12-08",2921322.96,384058,"Tuesday",0,0,0,0,0,0,0,0,0,0,0,0,0,0,0,0,0,0,208
"209","2015-12-09",1577357.35,279318,"Wednesday",0,0,0,0,0,0,0,0,0,0,0,0,0,0,0,0,0,0,209
"210","2015-12-10",1771132.76,288229,"Thursday",0,0,0,0,0,0,0,0,0,0,0,0,0,0,0,0,0,0,210
"211","2015-12-11",2290191.32,358825,"Friday",0,0,0,0,0,0,0,0,0,0,0,0,0,0,0,0,0,0,211
"212","2015-12-12",3402733.37,438482,"Saturday",0,0,0,0,0,0,0,0,0,0,0,0,0,0,0,0,0,0,212
"213","2015-12-13",3016016.76,364414,"Sunday",0,0,0,0,0,0,0,0,0,0,0,0,0,0,0,0,0,0,213
"214","2015-12-14",1736425.92,282102,"Monday",0,0,0,0,0,0,0,0,0,0,0,0,0,0,0,0,0,0,214
"215","2015-12-15",1918501.28,322216,"Tuesday",0,0,0,0,0,0,0,0,0,0,0,0,0,0,0,0,0,0,215
"216","2015-12-16",2093927.18,354904,"Wednesday",0,0,0,0,0,0,0,0,0,0,0,0,0,0,0,0,0,0,216
"217","2015-12-17",2160187.23,329207,"Thursday",0,0,0,0,0,0,0,0,0,0,0,0,0,0,0,0,0,0,217
"218","2015-12-18",2643603.58,374326,"Friday",0,0,0,0,0,0,0,0,0,0,0,0,0,0,0,0,0,0,218
"219","2015-12-19",3793059.62,470772,"Saturday",0,0,0,0,0,0,0,0,0,0,0,0,0,0,0,0,0,0,219
"220","2015-12-20",3447125.01,404689,"Sunday",0,0,0,0,0,0,0,0,0,0,0,0,0,0,0,0,0,0,220
"221","2015-12-21",2232598.29,344380,"Monday",0,0,0,0,0,0,0,0,0,0,0,0,0,0,0,0,0,0,221
"222","2015-12-22",2656331.76,387887,"Tuesday",0,0,0,0,0,0,0,0,0,0,0,0,0,0,0,0,0,0,222
"223","2015-12-23",2996277.85,385428,"Wednesday",0,0,0,0,0,0,0,0,0,0,0,0,0,0,0,0,0,0,223
"224","2015-12-24",1738698.47,233020,"Thursday",0,0,0,0,0,0,0,0,0,0,0,0,0,0,0,0,0,0,224
"225","2015-12-25",947253.33,125131,"Friday",0,0,0,0,0,0,0,0,0,0,0,0,0,0,0,0,0,0,225
"226","2015-12-26",2428890.64,305534,"Saturday",0,0,0,0,0,0,0,0,0,0,0,0,0,0,0,0,0,0,226
"227","2015-12-27",3365886.96,398196,"Sunday",0,0,0,0,0,0,0,0,0,0,0,0,0,0,0,0,0,0,227
"228","2015-12-28",2395470.43,316629,"Monday",0,0,0,0,0,0,0,0,0,0,0,0,0,0,0,0,0,0,228
"229","2015-12-29",2481639.1,322058,"Tuesday",0,0,0,0,0,0,0,0,0,0,0,0,0,0,0,0,0,0,229
"230","2015-12-30",2566144.56,326916,"Wednesday",0,0,0,0,0,0,0,0,0,0,0,0,0,0,0,0,0,0,230
"231","2015-12-31",1655289.51,221576,"Thursday",0,0,0,0,0,0,0,0,0,0,0,0,0,0,0,0,0,0,231
"232","2016-01-01",2434023.42,283346,"Friday",0,0,0,0,0,0,0,0,0,0,0,0,0,0,0,0,0,0,232
"233","2016-01-02",3144495.49,386906,"Saturday",0,0,0,0,0,0,0,0,0,0,0,0,0,0,0,0,0,0,233
"234","2016-01-03",3126570.8,377981,"Sunday",0,0,0,0,0,0,0,0,0,0,0,0,0,0,0,0,0,0,234
"235","2016-01-04",2226739.61,296202,"Monday",0,0,0,0,0,0,0,0,0,0,0,0,0,0,0,0,0,0,235
"236","2016-01-05",2641446.56,343647,"Tuesday",0,0,0,0,0,0,0,0,0,0,0,0,0,0,0,0,0,0,236
"237","2016-01-06",2580335.47,320462,"Wednesday",0,0,0,0,0,0,0,0,0,0,0,0,0,0,0,0,0,0,237
"238","2016-01-07",1465567.66,227278,"Thursday",0,0,0,0,0,0,0,0,0,0,0,0,0,0,0,0,0,0,238
"239","2016-01-08",1984719.8,286386,"Friday",0,0,0,0,0,0,0,0,0,0,0,0,0,0,0,0,0,0,239
"240","2016-01-09",3059970.09,401309,"Saturday",0,0,0,0,0,0,0,0,0,0,0,0,0,0,0,0,0,0,240
"241","2016-01-10",2898275.91,358806,"Sunday",0,0,0,0,0,0,0,0,0,0,0,0,0,0,0,0,0,0,241
"242","2016-01-11",1517121.1,231423,"Monday",0,0,0,0,0,0,0,0,0,0,0,0,0,0,0,0,0,0,242
"243","2016-01-12",1636831.19,247090,"Tuesday",0,0,0,0,0,0,0,0,0,0,0,0,0,0,0,0,0,0,243
"244","2016-01-13",1725247.52,254222,"Wednesday",0,0,0,0,0,0,0,0,0,0,0,0,0,0,0,0,0,0,244
"245","2016-01-14",1703464.53,252752,"Thursday",0,0,0,0,0,0,0,0,0,0,0,0,0,0,0,0,0,0,245
"246","2016-01-15",2225971.36,313245,"Friday",0,0,0,0,0,0,0,0,0,0,0,0,0,0,0,0,0,0,246
"247","2016-01-16",3240831.79,417673,"Saturday",0,0,0,0,0,0,0,0,0,0,0,0,0,0,0,0,0,0,247
"248","2016-01-17",2846964.51,351644,"Sunday",0,0,0,0,0,0,0,0,0,0,0,0,0,0,0,0,0,0,248
"249","2016-01-18",1555515.94,234661,"Monday",0,0,0,0,0,0,0,0,0,0,0,0,0,0,0,0,0,0,249
"250","2016-01-19",1549026.39,233706,"Tuesday",0,0,0,0,0,0,0,0,0,0,0,0,0,0,0,0,0,0,250
"251","2016-01-20",1654828.92,245501,"Wednesday",0,0,0,0,0,0,0,0,0,0,0,0,0,0,0,0,0,0,251
"252","2016-01-21",1690550.26,251238,"Thursday",0,0,0,0,0,0,0,0,0,0,0,0,0,0,0,0,0,0,252
"253","2016-01-22",2169701.04,306681,"Friday",0,0,0,0,0,0,0,0,0,0,0,0,0,0,0,0,0,0,253
"254","2016-01-23",3165668.32,413233,"Saturday",0,0,0,0,0,0,0,0,0,0,0,0,0,0,0,0,0,0,254
"255","2016-01-24",2796396.33,348627,"Sunday",0,0,0,0,0,0,0,0,0,0,0,0,0,0,0,0,0,0,255
"256","2016-01-25",1511751.4,231437,"Monday",0,0,0,0,0,0,0,0,0,0,0,0,0,0,0,0,0,0,256
"257","2016-01-26",1548315.05,236924,"Tuesday",0,0,0,0,0,0,0,0,0,0,0,0,0,0,0,0,0,0,257
"258","2016-01-27",1658624.27,248173,"Wednesday",0,0,0,0,0,0,0,0,0,0,0,0,0,0,0,0,0,0,258
"259","2016-01-28",1689989.59,252620,"Thursday",0,0,0,0,0,0,0,0,0,0,0,0,0,0,0,0,0,0,259
"260","2016-01-29",2183429.34,311948,"Friday",0,0,0,0,0,0,0,0,0,0,0,0,0,0,0,0,0,0,260
"261","2016-01-30",3045585.59,404409,"Saturday",0,0,0,0,0,0,0,0,0,0,0,0,0,0,0,0,0,0,261
"262","2016-01-31",2715130.71,343166,"Sunday",0,0,0,0,0,0,0,0,0,0,0,0,0,0,0,0,0,0,262
"263","2016-02-01",1524898.32,232341,"Monday",0,0,0,0,0,0,0,0,0,0,0,0,0,0,0,0,0,0,263
"264","2016-02-02",1524590.78,232163,"Tuesday",0,0,0,0,0,0,0,0,0,0,0,0,0,0,0,0,0,0,264
"265","2016-02-03",1583477.56,239471,"Wednesday",0,0,0,0,0,0,0,0,0,0,0,0,0,0,0,0,0,0,265
"266","2016-02-04",1702359.45,255996,"Thursday",0,0,0,0,0,0,0,0,0,0,0,0,0,0,0,0,0,0,266
"267","2016-02-05",2197276.13,313632,"Friday",0,0,0,0,0,0,0,0,0,0,0,0,0,0,0,0,0,0,267
"268","2016-02-06",3018347.1,399401,"Saturday",0,0,0,0,0,0,0,0,0,0,0,0,0,0,0,0,0,0,268
"269","2016-02-07",2531298.82,323682,"Sunday",0,0,0,0,0,0,0,0,0,0,0,0,0,0,0,0,0,0,269
"270","2016-02-08",1777039.96,261797,"Monday",0,0,0,0,0,0,0,0,0,0,0,0,0,0,0,0,0,0,270
"271","2016-02-09",1920181.82,276416,"Tuesday",0,0,0,0,0,0,0,0,0,0,0,0,0,0,0,0,0,0,271
"272","2016-02-10",1628950.2,245670,"Wednesday",0,0,0,0,0,0,0,0,0,0,0,0,0,0,0,0,0,0,272
"273","2016-02-11",1773030.26,259157,"Thursday",0,0,0,0,0,0,0,0,0,0,0,0,0,0,0,0,0,0,273
"274","2016-02-12",2085231.74,296316,"Friday",0,0,0,0,0,0,0,0,0,0,0,0,0,0,0,0,0,0,274
"275","2016-02-13",2937570.52,388563,"Saturday",0,0,0,0,0,0,0,0,0,0,0,0,0,0,0,0,0,0,275
"276","2016-02-14",2797153.78,345750,"Sunday",0,0,0,0,0,0,0,0,0,0,0,0,0,0,0,0,0,0,276
"277","2016-02-15",1552251.65,234931,"Monday",0,0,0,0,0,0,0,0,0,0,0,0,0,0,0,0,0,0,277
"278","2016-02-16",1577009.64,238151,"Tuesday",0,0,0,0,0,0,0,0,0,0,0,0,0,0,0,0,0,0,278
"279","2016-02-17",1669572.93,249406,"Wednesday",0,0,0,0,0,0,0,0,0,0,0,0,0,0,0,0,0,0,279
"280","2016-02-18",1751077.32,258102,"Thursday",0,0,0,0,0,0,0,0,0,0,0,0,0,0,0,0,0,0,280
"281","2016-02-19",2163615.9,312197,"Friday",0,0,0,0,0,0,0,0,0,0,0,0,0,0,0,0,0,0,281
"282","2016-02-20",3242485.7,424535,"Saturday",0,0,0,0,0,0,0,0,0,0,0,0,0,0,0,0,0,0,282
"283","2016-02-21",2912402.83,364464,"Sunday",0,0,0,0,0,0,0,0,0,0,0,0,0,0,0,0,0,0,283
"284","2016-02-22",1494315.4,231802,"Monday",0,0,0,0,0,0,0,0,0,0,0,0,0,0,0,0,0,0,284
"285","2016-02-23",1543690.59,238948,"Tuesday",0,0,0,0,0,0,0,0,0,0,0,0,0,0,0,0,0,0,285
"286","2016-02-24",1709051.92,253299,"Wednesday",0,0,0,0,0,0,0,0,0,0,0,0,0,0,0,0,0,0,286
"287","2016-02-25",1749099.19,255674,"Thursday",0,0,0,0,0,0,0,0,0,0,0,0,0,0,0,0,0,0,287
"288","2016-02-26",2174502.69,307053,"Friday",0,0,0,0,0,0,0,0,0,0,0,0,0,0,0,0,0,0,288
"289","2016-02-27",3169512.85,404025,"Saturday",0,0,0,0,0,0,0,0,0,0,0,0,0,0,0,0,0,0,289
"290","2016-02-28",2681129.1,331749,"Sunday",0,0,0,0,0,0,0,0,0,0,0,0,0,0,0,0,0,0,290
"291","2016-02-29",1570067.79,233372,"Monday",0,0,0,0,0,0,0,0,0,0,0,0,0,0,0,0,0,0,291
"292","2016-03-01",1706113.05,251117,"Tuesday",0,0,0,0,0,0,0,0,0,0,0,0,0,0,0,0,0,0,292
"293","2016-03-02",1773125.37,256702,"Wednesday",0,0,0,0,0,0,0,0,0,0,0,0,0,0,0,0,0,0,293
"294","2016-03-03",1775851.38,258099,"Thursday",0,0,0,0,0,0,0,0,0,0,0,0,0,0,0,0,0,0,294
"295","2016-03-04",2190749.76,308015,"Friday",0,0,0,0,0,0,0,0,0,0,0,0,0,0,0,0,0,0,295
"296","2016-03-05",3085090.18,394744,"Saturday",0,0,0,0,0,0,0,0,0,0,0,0,0,0,0,0,0,0,296
"297","2016-03-06",2948907.16,361230,"Sunday",0,0,0,0,0,0,0,0,0,0,0,0,0,0,0,0,0,0,297
"298","2016-03-07",1562988.52,237370,"Monday",0,0,0,0,0,0,0,0,0,0,0,0,0,0,0,0,0,0,298
"299","2016-03-08",1796600.18,259862,"Tuesday",0,0,0,0,0,0,0,0,0,0,0,0,0,0,0,0,0,0,299
"300","2016-03-09",1657248.51,244504,"Wednesday",0,0,0,0,0,0,0,0,0,0,0,0,0,0,0,0,0,0,300
"301","2016-03-10",1772040.13,257894,"Thursday",0,0,0,0,0,0,0,0,0,0,0,0,0,0,0,0,0,0,301
"302","2016-03-11",2190240.87,308876,"Friday",0,0,0,0,0,0,0,0,0,0,0,0,0,0,0,0,0,0,302
"303","2016-03-12",3335357.57,424520,"Saturday",0,0,0,0,0,0,0,0,0,0,0,0,0,0,0,0,0,0,303
"304","2016-03-13",2952180.75,361563,"Sunday",0,0,0,0,0,0,0,0,0,0,0,0,0,0,0,0,0,0,304
"305","2016-03-14",1623817.56,244925,"Monday",0,0,0,0,0,0,0,0,0,0,0,0,0,0,0,0,0,0,305
"306","2016-03-15",1662232.31,246742,"Tuesday",0,0,0,0,0,0,0,0,0,0,0,0,0,0,0,0,0,0,306
"307","2016-03-16",1708967.17,249642,"Wednesday",0,0,0,0,0,0,0,0,0,0,0,0,0,0,0,0,0,0,307
"308","2016-03-17",1857784.54,270310,"Thursday",0,0,0,0,0,0,0,0,0,0,0,0,0,0,0,0,0,0,308
"309","2016-03-18",2307484.45,322808,"Friday",0,0,0,0,0,0,0,0,0,0,0,0,0,0,0,0,0,0,309
"310","2016-03-19",3277650.85,418618,"Saturday",0,0,0,0,0,0,0,0,0,0,0,0,0,0,0,0,0,0,310
"311","2016-03-20",2851536.03,352159,"Sunday",0,0,0,0,0,0,0,0,0,0,0,0,0,0,0,0,0,0,311
"312","2016-03-21",1634874.51,247896,"Monday",0,0,0,0,0,0,0,0,0,0,0,0,0,0,0,0,0,0,312
"313","2016-03-22",1696963.42,255308,"Tuesday",0,0,0,0,0,0,0,0,0,0,0,0,0,0,0,0,0,0,313
"314","2016-03-23",2162584.89,310066,"Wednesday",0,0,0,0,0,0,0,0,0,0,0,0,0,0,0,0,0,0,314
"315","2016-03-24",2401630.37,321577,"Thursday",0,0,0,0,0,0,0,0,0,0,0,0,0,0,0,0,0,0,315
"316","2016-03-25",2369473.21,327493,"Friday",0,0,0,0,0,0,0,0,0,0,0,0,0,0,0,0,0,0,316
"317","2016-03-26",2951977.75,382209,"Saturday",0,0,0,0,0,0,0,0,0,0,0,0,0,0,0,0,0,0,317
"318","2016-03-27",1595444.91,208044,"Sunday",0,0,0,0,0,0,0,0,0,0,0,0,0,0,0,0,0,0,318
"319","2016-03-28",2670955.73,329256,"Monday",0,0,0,0,0,0,0,0,0,0,0,0,0,0,0,0,0,0,319
"320","2016-03-29",1987304.24,274380,"Tuesday",0,0,0,0,0,0,0,0,0,0,0,0,0,0,0,0,0,0,320
"321","2016-03-30",1637046.13,248705,"Wednesday",0,0,0,0,0,0,0,0,0,0,0,0,0,0,0,0,0,0,321
"322","2016-03-31",1656486.22,254374,"Thursday",0,0,0,0,0,0,0,0,0,0,0,0,0,0,0,0,0,0,322
"323","2016-04-01",2161694.31,311675,"Friday",14500.51,0,1,0,0,1,1,1,1,1,1,1,0,0,0,1,1,1,323
"324","2016-04-02",3166487.5,420948,"Saturday",14500.51,0,1,0,0,1,1,1,1,1,1,1,0,0,0,1,1,1,324
"325","2016-04-03",2837263.7,362775,"Sunday",14500.51,0,1,0,0,1,1,1,1,1,1,1,0,0,0,1,1,1,325
"326","2016-04-04",1590351.72,248738,"Monday",14500.51,0,1,0,0,1,1,1,1,1,1,1,0,0,0,1,1,1,326
"327","2016-04-05",1633776.32,254565,"Tuesday",14796.35,0,1,0,0,1,1,1,1,1,1,1,1,0,0,1,1,1,327
"328","2016-04-06",1712881.36,263633,"Wednesday",14833.33,0,1,0,0,1,1,1,1,1,1,1,1,0,0,1,1,1,328
"329","2016-04-07",1787650.66,271551,"Thursday",14833.33,0,1,0,0,1,1,1,1,1,1,1,1,0,0,1,1,1,329
"330","2016-04-08",2256744.59,324568,"Friday",14833.33,0,1,0,0,1,1,1,1,1,1,1,1,0,0,1,1,1,330
"331","2016-04-09",3258197.41,431577,"Saturday",14833.33,0,1,0,0,1,1,1,1,1,1,1,1,0,0,1,1,1,331
"332","2016-04-10",2942156.53,374659,"Sunday",14833.33,0,1,0,0,1,1,1,1,1,1,1,1,0,0,1,1,1,332
"333","2016-04-11",1645420.09,255395,"Monday",0,0,0,0,0,0,0,0,0,0,0,0,0,0,0,0,0,0,333
"334","2016-04-12",1694113.83,262147,"Tuesday",0,0,0,0,0,0,0,0,0,0,0,0,0,0,0,0,0,0,334
"335","2016-04-13",1779982.52,271391,"Wednesday",0,0,0,0,0,0,0,0,0,0,0,0,0,0,0,0,0,0,335
"336","2016-04-14",1879468.87,283417,"Thursday",0,0,0,0,0,0,0,0,0,0,0,0,0,0,0,0,0,0,336
"337","2016-04-15",2373700.11,339217,"Friday",0,0,0,0,0,0,0,0,0,0,0,0,0,0,0,0,0,0,337
"338","2016-04-16",3213928.29,428474,"Saturday",0,0,0,0,0,0,0,0,0,0,0,0,0,0,0,0,0,0,338
"339","2016-04-17",2935433.19,373900,"Sunday",0,0,0,0,0,0,0,0,0,0,0,0,0,0,0,0,0,0,339
"340","2016-04-18",1830059.59,272235,"Monday",0,0,0,0,0,0,0,0,0,0,0,0,0,0,0,0,0,0,340
"341","2016-04-19",1628168.56,255481,"Tuesday",0,0,0,0,0,0,0,0,0,0,0,0,0,0,0,0,0,0,341
"342","2016-04-20",1708551.49,262164,"Wednesday",0,0,0,0,0,0,0,0,0,0,0,0,0,0,0,0,0,0,342
"343","2016-04-21",1775882.81,269812,"Thursday",0,0,0,0,0,0,0,0,0,0,0,0,0,0,0,0,0,0,343
"344","2016-04-22",2247394.75,324588,"Friday",0,0,0,0,0,0,0,0,0,0,0,0,0,0,0,0,0,0,344
"345","2016-04-23",3127249.01,415475,"Saturday",0,0,0,0,0,0,0,0,0,0,0,0,0,0,0,0,0,0,345
"346","2016-04-24",2947464.1,377818,"Sunday",0,0,0,0,0,0,0,0,0,0,0,0,0,0,0,0,0,0,346
"347","2016-04-25",2909603.98,361216,"Monday",0,0,0,0,0,0,0,0,0,0,0,0,0,0,0,0,0,0,347
"348","2016-04-26",1516854.77,238832,"Tuesday",0,0,0,0,0,0,0,0,0,0,0,0,0,0,0,0,0,0,348
"349","2016-04-27",1660120.15,251005,"Wednesday",0,0,0,0,0,0,0,0,0,0,0,0,0,0,0,0,0,0,349
"350","2016-04-28",1770613.09,263718,"Thursday",0,0,0,0,0,0,0,0,0,0,0,0,0,0,0,0,0,0,350
"351","2016-04-29",2242140.61,317801,"Friday",0,0,0,0,0,0,0,0,0,0,0,0,0,0,0,0,0,0,351
"352","2016-04-30",3147439.3,408154,"Saturday",0,0,0,0,0,0,0,0,0,0,0,0,0,0,0,0,0,0,352
"353","2016-05-01",2723908.22,336494,"Sunday",0,0,0,0,0,0,0,0,0,0,0,0,0,0,0,0,0,0,353
"354","2016-05-02",1716651.12,251712,"Monday",0,0,0,0,0,0,0,0,0,0,0,0,0,0,0,0,0,0,354
"355","2016-05-03",1676114.58,251051,"Tuesday",0,0,0,0,0,0,0,0,0,0,0,0,0,0,0,0,0,0,355
"356","2016-05-04",1814822.5,266401,"Wednesday",0,0,0,0,0,0,0,0,0,0,0,0,0,0,0,0,0,0,356
"357","2016-05-05",1874246.63,271035,"Thursday",0,0,0,0,0,0,0,0,0,0,0,0,0,0,0,0,0,0,357
"358","2016-05-06",2328506.59,321921,"Friday",0,0,0,0,0,0,0,0,0,0,0,0,0,0,0,0,0,0,358
"359","2016-05-07",3193296.67,414179,"Saturday",0,0,0,0,0,0,0,0,0,0,0,0,0,0,0,0,0,0,359
"360","2016-05-08",2665209.05,333474,"Sunday",0,0,0,0,0,0,0,0,0,0,0,0,0,0,0,0,0,0,360
"361","2016-05-09",1635949.39,243898,"Monday",0,0,0,0,0,0,0,0,0,0,0,0,0,0,0,0,0,0,361
"362","2016-05-10",1681739.61,249840,"Tuesday",0,0,0,0,0,0,0,0,0,0,0,0,0,0,0,0,0,0,362
"363","2016-05-11",1759644.24,254695,"Wednesday",0,0,0,0,0,0,0,0,0,0,0,0,0,0,0,0,0,0,363
"364","2016-05-12",1873807.12,270628,"Thursday",0,0,0,0,0,0,0,0,0,0,0,0,0,0,0,0,0,0,364
"365","2016-05-13",2336507.77,321925,"Friday",0,0,0,0,0,0,0,0,0,0,0,0,0,0,0,0,0,0,365
"366","2016-05-14",3181617.39,408128,"Saturday",0,0,0,0,0,0,0,0,0,0,0,0,0,0,0,0,0,0,366
"367","2016-05-15",2881354.54,355657,"Sunday",0,0,0,0,0,0,0,0,0,0,0,0,0,0,0,0,0,0,367
"368","2016-05-16",1705220.65,251588,"Monday",0,0,0,0,0,0,0,0,0,0,0,0,0,0,0,0,0,0,368
"369","2016-05-17",1660299.1,247992,"Tuesday",0,0,0,0,0,0,0,0,0,0,0,0,0,0,0,0,0,0,369
"370","2016-05-18",1749196.04,257031,"Wednesday",0,0,0,0,0,0,0,0,0,0,0,0,0,0,0,0,0,0,370
"371","2016-05-19",1814687.63,260278,"Thursday",0,0,0,0,0,0,0,0,0,0,0,0,0,0,0,0,0,0,371
"372","2016-05-20",2376293.15,331117,"Friday",0,0,0,0,0,0,0,0,0,0,0,0,0,0,0,0,0,0,372
"373","2016-05-21",2977313.95,396209,"Saturday",0,0,0,0,0,0,0,0,0,0,0,0,0,0,0,0,0,0,373
"374","2016-05-22",2502796.83,315358,"Sunday",0,0,0,0,0,0,0,0,0,0,0,0,0,0,0,0,0,0,374
"375","2016-05-23",1652966.17,244501,"Monday",0,0,0,0,0,0,0,0,0,0,0,0,0,0,0,0,0,0,375
"376","2016-05-24",1650496.61,247285,"Tuesday",0,0,0,0,0,0,0,0,0,0,0,0,0,0,0,0,0,0,376
"377","2016-05-25",1709648.36,251900,"Wednesday",0,0,0,0,0,0,0,0,0,0,0,0,0,0,0,0,0,0,377
"378","2016-05-26",1797975.3,262075,"Thursday",0,0,0,0,0,0,0,0,0,0,0,0,0,0,0,0,0,0,378
"379","2016-05-27",2221561.36,313927,"Friday",0,0,0,0,0,0,0,0,0,0,0,0,0,0,0,0,0,0,379
"380","2016-05-28",2908321.38,387389,"Saturday",0,0,0,0,0,0,0,0,0,0,0,0,0,0,0,0,0,0,380
"381","2016-05-29",2737097.07,342093,"Sunday",0,0,0,0,0,0,0,0,0,0,0,0,0,0,0,0,0,0,381
"382","2016-05-30",1655949.87,246326,"Monday",5088.72,0,0,1,0,0,0,1,0,0,0,0,0,0,0,0,0,0,382
"383","2016-05-31",1689958.9,252225,"Tuesday",5088.72,0,0,1,0,0,0,1,0,0,0,0,0,0,0,0,0,0,383
"384","2016-06-01",2195431.4,309632,"Wednesday",15506.61,0,1,1,0,1,1,1,1,1,1,1,1,0,0,1,0,1,384
"385","2016-06-02",2924607,359182,"Thursday",15506.61,0,1,1,0,1,1,1,1,1,1,1,1,0,0,1,0,1,385
"386","2016-06-03",2252390.15,311616,"Friday",15506.61,0,1,1,0,1,1,1,1,1,1,1,1,0,0,1,0,1,386
"387","2016-06-04",2723054.53,369622,"Saturday",15506.61,0,1,1,0,1,1,1,1,1,1,1,1,0,0,1,0,1,387
"388","2016-06-05",2588048.72,332191,"Sunday",13738.61,0,1,0,0,1,1,1,1,1,1,1,1,0,0,1,0,1,388
"389","2016-06-06",1678472.69,253329,"Monday",15506.61,0,1,1,0,1,1,1,1,1,1,1,1,0,0,1,0,1,389
"390","2016-06-07",1653527.42,251938,"Tuesday",15506.61,0,1,1,0,1,1,1,1,1,1,1,1,0,0,1,0,1,390
"391","2016-06-08",2149455.99,314234,"Wednesday",15506.61,0,1,1,0,1,1,1,1,1,1,1,1,0,0,1,0,1,391
"392","2016-06-09",2022308.28,290083,"Thursday",15506.61,0,1,1,0,1,1,1,1,1,1,1,1,0,0,1,0,1,392
"393","2016-06-10",2246594.15,314787,"Friday",15506.61,0,1,1,0,1,1,1,1,1,1,1,1,0,0,1,0,1,393
"394","2016-06-11",2807901.77,372006,"Saturday",15248.17,0,1,1,0,1,1,1,1,1,1,1,0,0,0,1,0,1,394
"395","2016-06-12",2615260.17,337504,"Sunday",13480.17,0,1,0,0,1,1,1,1,1,1,1,0,0,0,1,0,1,395
"396","2016-06-13",1679278.59,249673,"Monday",0,0,0,0,0,0,0,0,0,0,0,0,0,0,0,0,0,0,396
"397","2016-06-14",1771542.84,261312,"Tuesday",0,0,0,0,0,0,0,0,0,0,0,0,0,0,0,0,0,0,397
"398","2016-06-15",1839000.22,267927,"Wednesday",0,0,0,0,0,0,0,0,0,0,0,0,0,0,0,0,0,0,398
"399","2016-06-16",1891960.6,272405,"Thursday",0,0,0,0,0,0,0,0,0,0,0,0,0,0,0,0,0,0,399
"400","2016-06-17",2157527.53,303505,"Friday",0,0,0,0,0,0,0,0,0,0,0,0,0,0,0,0,0,0,400
"401","2016-06-18",2759413.89,363788,"Saturday",0,0,0,0,0,0,0,0,0,0,0,0,0,0,0,0,0,0,401
"402","2016-06-19",2765293.16,347202,"Sunday",0,0,0,0,0,0,0,0,0,0,0,0,0,0,0,0,0,0,402
"403","2016-06-20",1760659.91,257736,"Monday",0,0,0,0,0,0,0,0,0,0,0,0,0,0,0,0,0,0,403
"404","2016-06-21",1725558.13,255726,"Tuesday",0,0,0,0,0,0,0,0,0,0,0,0,0,0,0,0,0,0,404
"405","2016-06-22",1728394.67,252641,"Wednesday",0,0,0,0,0,0,0,0,0,0,0,0,0,0,0,0,0,0,405
"406","2016-06-23",1889265.86,273106,"Thursday",0,0,0,0,0,0,0,0,0,0,0,0,0,0,0,0,0,0,406
"407","2016-06-24",2147370.93,300474,"Friday",0,0,0,0,0,0,0,0,0,0,0,0,0,0,0,0,0,0,407
"408","2016-06-25",2682549.64,351054,"Saturday",0,0,0,0,0,0,0,0,0,0,0,0,0,0,0,0,0,0,408
"409","2016-06-26",2476125.26,309789,"Sunday",0,0,0,0,0,0,0,0,0,0,0,0,0,0,0,0,0,0,409
"410","2016-06-27",1822248.28,257578,"Monday",0,0,0,0,0,0,0,0,0,0,0,0,0,0,0,0,0,0,410
"411","2016-06-28",1834826.98,261452,"Tuesday",0,0,0,0,0,0,0,0,0,0,0,0,0,0,0,0,0,0,411
"412","2016-06-29",1968696.14,272600,"Wednesday",0,0,0,0,0,0,0,0,0,0,0,0,0,0,0,0,0,0,412
"413","2016-06-30",1962285.5,274177,"Thursday",0,0,0,0,0,0,0,0,0,0,0,0,0,0,0,0,0,0,413
"414","2016-07-01",2227284.21,301690,"Friday",0,0,0,0,0,0,0,0,0,0,0,0,0,0,0,0,0,0,414
"415","2016-07-02",2605212.58,337640,"Saturday",0,0,0,0,0,0,0,0,0,0,0,0,0,0,0,0,0,0,415
"416","2016-07-03",2724049.88,337595,"Sunday",0,0,0,0,0,0,0,0,0,0,0,0,0,0,0,0,0,0,416
"417","2016-07-04",1976706.25,278318,"Monday",0,0,0,0,0,0,0,0,0,0,0,0,0,0,0,0,0,0,417
"418","2016-07-05",1924211.33,274089,"Tuesday",0,0,0,0,0,0,0,0,0,0,0,0,0,0,0,0,0,0,418
"419","2016-07-06",1997274.89,284086,"Wednesday",0,0,0,0,0,0,0,0,0,0,0,0,0,0,0,0,0,0,419
"420","2016-07-07",2009437.58,284772,"Thursday",0,0,0,0,0,0,0,0,0,0,0,0,0,0,0,0,0,0,420
"421","2016-07-08",2289624.7,315249,"Friday",0,0,0,0,0,0,0,0,0,0,0,0,0,0,0,0,0,0,421
"422","2016-07-09",2802623.2,365533,"Saturday",0,0,0,0,0,0,0,0,0,0,0,0,0,0,0,0,0,0,422
"423","2016-07-10",2550243.01,323171,"Sunday",0,0,0,0,0,0,0,0,0,0,0,0,0,0,0,0,0,0,423
"424","2016-07-11",1967472.38,280792,"Monday",0,0,0,0,0,0,0,0,0,0,0,0,0,0,0,0,0,0,424
"425","2016-07-12",2038575.69,285070,"Tuesday",0,0,0,0,0,0,0,0,0,0,0,0,0,0,0,0,0,0,425
"426","2016-07-13",2129086.31,293858,"Wednesday",0,0,0,0,0,0,0,0,0,0,0,0,0,0,0,0,0,0,426
"427","2016-07-14",2209363.7,300954,"Thursday",0,0,0,0,0,0,0,0,0,0,0,0,0,0,0,0,0,0,427
"428","2016-07-15",2591028.45,336341,"Friday",0,0,0,0,0,0,0,0,0,0,0,0,0,0,0,0,0,0,428
"429","2016-07-16",3078306.82,385788,"Saturday",0,0,0,0,0,0,0,0,0,0,0,0,0,0,0,0,0,0,429
"430","2016-07-17",2720477.41,340076,"Sunday",0,0,0,0,0,0,0,0,0,0,0,0,0,0,0,0,0,0,430
"431","2016-07-18",1962437.41,278013,"Monday",0,0,0,0,0,0,0,0,0,0,0,0,0,0,0,0,0,0,431
"432","2016-07-19",1926355.57,277505,"Tuesday",0,0,0,0,0,0,0,0,0,0,0,0,0,0,0,0,0,0,432
"433","2016-07-20",1980743.57,281934,"Wednesday",0,0,0,0,0,0,0,0,0,0,0,0,0,0,0,0,0,0,433
"434","2016-07-21",2056922.45,290035,"Thursday",0,0,0,0,0,0,0,0,0,0,0,0,0,0,0,0,0,0,434
"435","2016-07-22",2292078.78,314208,"Friday",0,0,0,0,0,0,0,0,0,0,0,0,0,0,0,0,0,0,435
"436","2016-07-23",2832412.06,365359,"Saturday",0,0,0,0,0,0,0,0,0,0,0,0,0,0,0,0,0,0,436
"437","2016-07-24",2714180.43,339699,"Sunday",0,0,0,0,0,0,0,0,0,0,0,0,0,0,0,0,0,0,437
"438","2016-07-25",1951795.09,277430,"Monday",0,0,0,0,0,0,0,0,0,0,0,0,0,0,0,0,0,0,438
"439","2016-07-26",1901939.67,273287,"Tuesday",0,0,0,0,0,0,0,0,0,0,0,0,0,0,0,0,0,0,439
"440","2016-07-27",2004503.52,279312,"Wednesday",0,0,0,0,0,0,0,0,0,0,0,0,0,0,0,0,0,0,440
"441","2016-07-28",2116921.05,295183,"Thursday",0,0,0,0,0,0,0,0,0,0,0,0,0,0,0,0,0,0,441
"442","2016-07-29",2293115.48,314651,"Friday",0,0,0,0,0,0,0,0,0,0,0,0,0,0,0,0,0,0,442
"443","2016-07-30",2740751,358728,"Saturday",0,0,0,0,0,0,0,0,0,0,0,0,0,0,0,0,0,0,443
"444","2016-07-31",2678816.46,334728,"Sunday",0,0,0,0,0,0,0,0,0,0,0,0,0,0,0,0,0,0,444
"445","2016-08-01",2167110.19,293423,"Monday",0,0,0,0,0,0,0,0,0,0,0,0,0,0,0,0,0,0,445
"446","2016-08-02",2044833.35,284008,"Tuesday",0,0,0,0,0,0,0,0,0,0,0,0,0,0,0,0,0,0,446
"447","2016-08-03",2054230.36,284509,"Wednesday",0,0,0,0,0,0,0,0,0,0,0,0,0,0,0,0,0,0,447
"448","2016-08-04",2101652.45,289711,"Thursday",0,0,0,0,0,0,0,0,0,0,0,0,0,0,0,0,0,0,448
"449","2016-08-05",2502197.35,322019,"Friday",0,0,0,0,0,0,0,0,0,0,0,0,0,0,0,0,0,0,449
"450","2016-08-06",2790683.12,356036,"Saturday",0,0,0,0,0,0,0,0,0,0,0,0,0,0,0,0,0,0,450
"451","2016-08-07",2597994.06,325154,"Sunday",0,0,0,0,0,0,0,0,0,0,0,0,0,0,0,0,0,0,451
"452","2016-08-08",2072430.47,279904,"Monday",0,0,0,0,0,0,0,0,0,0,0,0,0,0,0,0,0,0,452
"453","2016-08-09",2035389.27,276977,"Tuesday",0,0,0,0,0,0,0,0,0,0,0,0,0,0,0,0,0,0,453
"454","2016-08-10",2276124.46,290952,"Wednesday",0,0,0,0,0,0,0,0,0,0,0,0,0,0,0,0,0,0,454
"455","2016-08-11",2228367.02,288500,"Thursday",0,0,0,0,0,0,0,0,0,0,0,0,0,0,0,0,0,0,455
"456","2016-08-12",2346603.69,302778,"Friday",0,0,0,0,0,0,0,0,0,0,0,0,0,0,0,0,0,0,456
"457","2016-08-13",2596083.86,328764,"Saturday",0,0,0,0,0,0,0,0,0,0,0,0,0,0,0,0,0,0,457
"458","2016-08-14",2237436.32,285155,"Sunday",0,0,0,0,0,0,0,0,0,0,0,0,0,0,0,0,0,0,458
"459","2016-08-15",1934815.64,243111,"Monday",0,0,0,0,0,0,0,0,0,0,0,0,0,0,0,0,0,0,459
"460","2016-08-16",2268765,288350,"Tuesday",0,0,0,0,0,0,0,0,0,0,0,0,0,0,0,0,0,0,460
"461","2016-08-17",2282560.83,291121,"Wednesday",0,0,0,0,0,0,0,0,0,0,0,0,0,0,0,0,0,0,461
"462","2016-08-18",2222348.43,287742,"Thursday",0,0,0,0,0,0,0,0,0,0,0,0,0,0,0,0,0,0,462
"463","2016-08-19",2287723.21,297678,"Friday",0,0,0,0,0,0,0,0,0,0,0,0,0,0,0,0,0,0,463
"464","2016-08-20",2549694.82,322565,"Saturday",0,0,0,0,0,0,0,0,0,0,0,0,0,0,0,0,0,0,464
"465","2016-08-21",2388568.81,301010,"Sunday",0,0,0,0,0,0,0,0,0,0,0,0,0,0,0,0,0,0,465
"466","2016-08-22",2084559.75,277675,"Monday",0,0,0,0,0,0,0,0,0,0,0,0,0,0,0,0,0,0,466
"467","2016-08-23",2071782.96,278210,"Tuesday",0,0,0,0,0,0,0,0,0,0,0,0,0,0,0,0,0,0,467
"468","2016-08-24",2003733.71,272577,"Wednesday",0,0,0,0,0,0,0,0,0,0,0,0,0,0,0,0,0,0,468
"469","2016-08-25",2014708.91,274574,"Thursday",0,0,0,0,0,0,0,0,0,0,0,0,0,0,0,0,0,0,469
"470","2016-08-26",2182470.08,296883,"Friday",0,0,0,0,0,0,0,0,0,0,0,0,0,0,0,0,0,0,470
"471","2016-08-27",2532988.1,334564,"Saturday",0,0,0,0,0,0,0,0,0,0,0,0,0,0,0,0,0,0,471
"472","2016-08-28",2401421.26,310463,"Sunday",0,0,0,0,0,0,0,0,0,0,0,0,0,0,0,0,0,0,472
"473","2016-08-29",1932409.57,274550,"Monday",0,0,0,0,0,0,0,0,0,0,0,0,0,0,0,0,0,0,473
"474","2016-08-30",1988055.77,278829,"Tuesday",0,0,0,0,0,0,0,0,0,0,0,0,0,0,0,0,0,0,474
"475","2016-08-31",2011504.9,285047,"Wednesday",0,0,0,0,0,0,0,0,0,0,0,0,0,0,0,0,0,0,475
"476","2016-09-01",2071029.72,296136,"Thursday",0,0,0,0,0,0,0,0,0,0,0,0,0,0,0,0,0,0,476
"477","2016-09-02",2371633.57,325938,"Friday",15359.54,0,1,0,0,1,1,1,1,1,1,1,1,0,0,1,0,1,477
"478","2016-09-03",2916010.51,381304,"Saturday",14998.29,0,1,0,0,1,1,1,1,1,1,1,1,0,0,1,0,1,478
"479","2016-09-04",2762690.58,349145,"Sunday",14998.29,0,1,0,0,1,1,1,1,1,1,1,1,0,0,1,0,1,479
"480","2016-09-05",2142078.3,303146,"Monday",14998.29,0,1,0,0,1,1,1,1,1,1,1,1,0,0,1,0,1,480
"481","2016-09-06",2182218.67,306603,"Tuesday",14998.29,0,1,0,0,1,1,1,1,1,1,1,1,0,0,1,0,1,481
"482","2016-09-07",2247105.55,312810,"Wednesday",14624.29,0,1,0,0,1,1,1,1,1,1,1,1,0,0,1,0,1,482
"483","2016-09-08",2262682.36,315769,"Thursday",14624.29,0,1,0,0,1,1,1,1,1,1,1,1,0,0,1,0,1,483
"484","2016-09-09",2547095.04,347832,"Friday",14624.29,0,1,0,0,1,1,1,1,1,1,1,1,0,0,1,0,1,484
"485","2016-09-10",3101027.97,400659,"Saturday",14624.29,0,1,0,0,1,1,1,1,1,1,1,1,0,0,1,0,1,485
"486","2016-09-11",2886423.39,359764,"Sunday",14263.04,0,1,0,0,1,1,1,1,1,1,1,1,0,0,1,0,1,486
"487","2016-09-12",2188530.65,309201,"Monday",0,0,0,0,0,0,0,0,0,0,0,0,0,0,0,0,0,0,487
"488","2016-09-13",2018423.5,294475,"Tuesday",0,0,0,0,0,0,0,0,0,0,0,0,0,0,0,0,0,0,488
"489","2016-09-14",2043989.16,297591,"Wednesday",0,0,0,0,0,0,0,0,0,0,0,0,0,0,0,0,0,0,489
"490","2016-09-15",2005868.03,289109,"Thursday",0,0,0,0,0,0,0,0,0,0,0,0,0,0,0,0,0,0,490
"491","2016-09-16",2376165.37,330242,"Friday",0,0,0,0,0,0,0,0,0,0,0,0,0,0,0,0,0,0,491
"492","2016-09-17",3311156.88,427800,"Saturday",0,0,0,0,0,0,0,0,0,0,0,0,0,0,0,0,0,0,492
"493","2016-09-18",2945346.46,364130,"Sunday",0,0,0,0,0,0,0,0,0,0,0,0,0,0,0,0,0,0,493
"494","2016-09-19",1783507.75,268320,"Monday",0,0,0,0,0,0,0,0,0,0,0,0,0,0,0,0,0,0,494
"495","2016-09-20",1794696.03,271123,"Tuesday",0,0,0,0,0,0,0,0,0,0,0,0,0,0,0,0,0,0,495
"496","2016-09-21",1838134.32,271987,"Wednesday",0,0,0,0,0,0,0,0,0,0,0,0,0,0,0,0,0,0,496
"497","2016-09-22",1879087.57,280307,"Thursday",0,0,0,0,0,0,0,0,0,0,0,0,0,0,0,0,0,0,497
"498","2016-09-23",2364139.56,334050,"Friday",0,0,0,0,0,0,0,0,0,0,0,0,0,0,0,0,0,0,498
"499","2016-09-24",3194898.16,419293,"Saturday",0,0,0,0,0,0,0,0,0,0,0,0,0,0,0,0,0,0,499
"500","2016-09-25",2804283.11,352780,"Sunday",0,0,0,0,0,0,0,0,0,0,0,0,0,0,0,0,0,0,500
"501","2016-09-26",1656883.05,254217,"Monday",0,0,0,0,0,0,0,0,0,0,0,0,0,0,0,0,0,0,501
"502","2016-09-27",1670701.36,256204,"Tuesday",0,0,0,0,0,0,0,0,0,0,0,0,0,0,0,0,0,0,502
"503","2016-09-28",1799180.65,264844,"Wednesday",0,0,0,0,0,0,0,0,0,0,0,0,0,0,0,0,0,0,503
"504","2016-09-29",1869107.57,271722,"Thursday",0,0,0,0,0,0,0,0,0,0,0,0,0,0,0,0,0,0,504
"505","2016-09-30",2420142.47,330195,"Friday",0,0,0,0,0,0,0,0,0,0,0,0,0,0,0,0,0,0,505
"506","2016-10-01",3374815.27,419522,"Saturday",0,0,0,0,0,0,0,0,0,0,0,0,0,0,0,0,0,0,506
"507","2016-10-02",2953770.96,355137,"Sunday",0,0,0,0,0,0,0,0,0,0,0,0,0,0,0,0,0,0,507
"508","2016-10-03",1765168.12,257775,"Monday",0,0,0,0,0,0,0,0,0,0,0,0,0,0,0,0,0,0,508
"509","2016-10-04",1820962.89,263045,"Tuesday",0,0,0,0,0,0,0,0,0,0,0,0,0,0,0,0,0,0,509
"510","2016-10-05",1836450.91,263354,"Wednesday",0,0,0,0,0,0,0,0,0,0,0,0,0,0,0,0,0,0,510
"511","2016-10-06",1878543.88,267220,"Thursday",0,0,0,0,0,0,0,0,0,0,0,0,0,0,0,0,0,0,511
"512","2016-10-07",2471345.38,336153,"Friday",0,0,0,0,0,0,0,0,0,0,0,0,0,0,0,0,0,0,512
"513","2016-10-08",3477531.06,428754,"Saturday",0,0,0,0,0,0,0,0,0,0,0,0,0,0,0,0,0,0,513
"514","2016-10-09",3061733.98,361043,"Sunday",0,0,0,0,0,0,0,0,0,0,0,0,0,0,0,0,0,0,514
"515","2016-10-10",1738952.19,250776,"Monday",0,0,0,0,0,0,0,0,0,0,0,0,0,0,0,0,0,0,515
"516","2016-10-11",1752147.45,251807,"Tuesday",0,0,0,0,0,0,0,0,0,0,0,0,0,0,0,0,0,0,516
"517","2016-10-12",2060564.43,287985,"Wednesday",0,0,0,0,0,0,0,0,0,0,0,0,0,0,0,0,0,0,517
"518","2016-10-13",1840359.36,262375,"Thursday",0,0,0,0,0,0,0,0,0,0,0,0,0,0,0,0,0,0,518
"519","2016-10-14",2311171.59,310126,"Friday",0,0,0,0,0,0,0,0,0,0,0,0,0,0,0,0,0,0,519
"520","2016-10-15",3511936.37,430441,"Saturday",0,0,0,0,0,0,0,0,0,0,0,0,0,0,0,0,0,0,520
"521","2016-10-16",3135012.17,369144,"Sunday",0,0,0,0,0,0,0,0,0,0,0,0,0,0,0,0,0,0,521
"522","2016-10-17",1680223.04,245185,"Monday",0,0,0,0,0,0,0,0,0,0,0,0,0,0,0,0,0,0,522
"523","2016-10-18",1708689.59,248468,"Tuesday",0,0,0,0,0,0,0,0,0,0,0,0,0,0,0,0,0,0,523
"524","2016-10-19",1810750.65,258796,"Wednesday",0,0,0,0,0,0,0,0,0,0,0,0,0,0,0,0,0,0,524
"525","2016-10-20",1886628.29,268009,"Thursday",0,0,0,0,0,0,0,0,0,0,0,0,0,0,0,0,0,0,525
"526","2016-10-21",2442408.6,330231,"Friday",0,0,0,0,0,0,0,0,0,0,0,0,0,0,0,0,0,0,526
"527","2016-10-22",3385652.46,421626,"Saturday",0,0,0,0,0,0,0,0,0,0,0,0,0,0,0,0,0,0,527
"528","2016-10-23",2924749.63,348373,"Sunday",0,0,0,0,0,0,0,0,0,0,0,0,0,0,0,0,0,0,528
"529","2016-10-24",1593303.91,235489,"Monday",0,0,0,0,0,0,0,0,0,0,0,0,0,0,0,0,0,0,529
"530","2016-10-25",1634591.16,239241,"Tuesday",0,0,0,0,0,0,0,0,0,0,0,0,0,0,0,0,0,0,530
"531","2016-10-26",1730065.3,248632,"Wednesday",0,0,0,0,0,0,0,0,0,0,0,0,0,0,0,0,0,0,531
"532","2016-10-27",1872619.58,264079,"Thursday",0,0,0,0,0,0,0,0,0,0,0,0,0,0,0,0,0,0,532
"533","2016-10-28",2387120.12,321747,"Friday",0,0,0,0,0,0,0,0,0,0,0,0,0,0,0,0,0,0,533
"534","2016-10-29",3281766.06,410756,"Saturday",0,0,0,0,0,0,0,0,0,0,0,0,0,0,0,0,0,0,534
"535","2016-10-30",3048984.43,362232,"Sunday",0,0,0,0,0,0,0,0,0,0,0,0,0,0,0,0,0,0,535
"536","2016-10-31",3155808.36,390298,"Monday",0,0,0,0,0,0,0,0,0,0,0,0,0,0,0,0,0,0,536
"537","2016-11-01",2805793.73,333031,"Tuesday",0,0,0,0,0,0,0,0,0,0,0,0,0,0,0,0,0,0,537
"538","2016-11-02",1635953.63,241503,"Wednesday",0,0,0,0,0,0,0,0,0,0,0,0,0,0,0,0,0,0,538
"539","2016-11-03",1613407.67,242033,"Thursday",0,0,0,0,0,0,0,0,0,0,0,0,0,0,0,0,0,0,539
"540","2016-11-04",2126131.63,302667,"Friday",32868.71,1,0,0,0,0,1,1,1,1,1,1,0,0,0,0,0,1,540
"541","2016-11-05",2955959.53,388007,"Saturday",0,0,0,0,0,0,0,0,0,0,0,0,0,0,0,0,0,0,541
"542","2016-11-06",2673618.96,336061,"Sunday",0,0,0,0,0,0,0,0,0,0,0,0,0,0,0,0,0,0,542
"543","2016-11-07",1517217.67,248047,"Monday",0,0,0,0,0,0,0,0,0,0,0,0,0,0,0,0,0,0,543
"544","2016-11-08",1578668.33,240923,"Tuesday",0,0,0,0,0,0,0,0,0,0,0,0,0,0,0,0,0,0,544
"545","2016-11-09",1933513.52,276538,"Wednesday",0,0,0,0,0,0,0,0,0,0,0,0,0,0,0,0,0,0,545
"546","2016-11-10",1880333.5,267400,"Thursday",0,0,0,0,0,0,0,0,0,0,0,0,0,0,0,0,0,0,546
"547","2016-11-11",2383745.75,321129,"Friday",0,0,0,0,0,0,0,0,0,0,0,0,0,0,0,0,0,0,547
"548","2016-11-12",3458823.73,425122,"Saturday",0,0,0,0,0,0,0,0,0,0,0,0,0,0,0,0,0,0,548
"549","2016-11-13",3122586.05,364888,"Sunday",0,0,0,0,0,0,0,0,0,0,0,0,0,0,0,0,0,0,549
"550","2016-11-14",1681780.07,244650,"Monday",0,0,0,0,0,0,0,0,0,0,0,0,0,0,0,0,0,0,550
"551","2016-11-15",1761257.43,252715,"Tuesday",0,0,0,0,0,0,0,0,0,0,0,0,0,0,0,0,0,0,551
"552","2016-11-16",1828299.84,260541,"Wednesday",0,0,0,0,0,0,0,0,0,0,0,0,0,0,0,0,0,0,552
"553","2016-11-17",1890977.07,269805,"Thursday",0,0,0,0,0,0,0,0,0,0,0,0,0,0,0,0,0,0,553
"554","2016-11-18",2351916.4,317682,"Friday",0,0,0,0,0,0,0,0,0,0,0,0,0,0,0,0,0,0,554
"555","2016-11-19",3363202.2,415758,"Saturday",0,0,0,0,0,0,0,0,0,0,0,0,0,0,0,0,0,0,555
"556","2016-11-20",3096455.49,363476,"Sunday",0,0,0,0,0,0,0,0,0,0,0,0,0,0,0,0,0,0,556
"557","2016-11-21",1630477.67,236900,"Monday",0,0,0,0,0,0,0,0,0,0,0,0,0,0,0,0,0,0,557
"558","2016-11-22",1637020.4,238335,"Tuesday",0,0,0,0,0,0,0,0,0,0,0,0,0,0,0,0,0,0,558
"559","2016-11-23",1767186.38,252290,"Wednesday",0,0,0,0,0,0,0,0,0,0,0,0,0,0,0,0,0,0,559
"560","2016-11-24",1793217.47,254012,"Thursday",0,0,0,0,0,0,0,0,0,0,0,0,0,0,0,0,0,0,560
"561","2016-11-25",2664238.35,350542,"Friday",0,0,0,0,0,0,0,0,0,0,0,0,0,0,0,0,0,0,561
"562","2016-11-26",3480630.04,428181,"Saturday",0,0,0,0,0,0,0,0,0,0,0,0,0,0,0,0,0,0,562
"563","2016-11-27",3133749.49,367419,"Sunday",0,0,0,0,0,0,0,0,0,0,0,0,0,0,0,0,0,0,563
"564","2016-11-28",1616102.81,239002,"Monday",0,0,0,0,0,0,0,0,0,0,0,0,0,0,0,0,0,0,564
"565","2016-11-29",1634542.79,241249,"Tuesday",0,0,0,0,0,0,0,0,0,0,0,0,0,0,0,0,0,0,565
"566","2016-11-30",1766857.09,251819,"Wednesday",0,0,0,0,0,0,0,0,0,0,0,0,0,0,0,0,0,0,566
"567","2016-12-01",1871000.88,261393,"Thursday",0,0,0,0,0,0,0,0,0,0,0,0,0,0,0,0,0,0,567
"568","2016-12-02",2471755.32,327575,"Friday",32868.71,1,0,0,0,0,1,1,1,1,1,1,0,0,0,0,0,1,568
"569","2016-12-03",3393116.82,415358,"Saturday",0,0,0,0,0,0,0,0,0,0,0,0,0,0,0,0,0,0,569
"570","2016-12-04",3216385.32,370677,"Sunday",0,0,0,0,0,0,0,0,0,0,0,0,0,0,0,0,0,0,570
"571","2016-12-05",1942143.83,276359,"Monday",0,0,0,0,0,0,0,0,0,0,0,0,0,0,0,0,0,0,571
"572","2016-12-06",1809877.23,253889,"Tuesday",0,0,0,0,0,0,0,0,0,0,0,0,0,0,0,0,0,0,572
"573","2016-12-07",2354003.43,312412,"Wednesday",0,0,0,0,0,0,0,0,0,0,0,0,0,0,0,0,0,0,573
"574","2016-12-08",3135350.84,359341,"Thursday",0,0,0,0,0,0,0,0,0,0,0,0,0,0,0,0,0,0,574
"575","2016-12-09",2607241.08,326972,"Friday",0,0,0,0,0,0,0,0,0,0,0,0,0,0,0,0,0,0,575
"576","2016-12-10",3248740.25,399436,"Saturday",0,0,0,0,0,0,0,0,0,0,0,0,0,0,0,0,0,0,576
"577","2016-12-11",3016142.31,349298,"Sunday",0,0,0,0,0,0,0,0,0,0,0,0,0,0,0,0,0,0,577
"578","2016-12-12",1715392.71,244019,"Monday",0,0,0,0,0,0,0,0,0,0,0,0,0,0,0,0,0,0,578
"579","2016-12-13",1795031.19,253550,"Tuesday",0,0,0,0,0,0,0,0,0,0,0,0,0,0,0,0,0,0,579
"580","2016-12-14",2053544.77,282184,"Wednesday",0,0,0,0,0,0,0,0,0,0,0,0,0,0,0,0,0,0,580
"581","2016-12-15",2056103.69,278453,"Thursday",0,0,0,0,0,0,0,0,0,0,0,0,0,0,0,0,0,0,581
"582","2016-12-16",2547048.48,332805,"Friday",0,0,0,0,0,0,0,0,0,0,0,0,0,0,0,0,0,0,582
"583","2016-12-17",3586932.34,427704,"Saturday",0,0,0,0,0,0,0,0,0,0,0,0,0,0,0,0,0,0,583
"584","2016-12-18",3403263.64,382864,"Sunday",0,0,0,0,0,0,0,0,0,0,0,0,0,0,0,0,0,0,584
"585","2016-12-19",1956436.94,271190,"Monday",0,0,0,0,0,0,0,0,0,0,0,0,0,0,0,0,0,0,585
"586","2016-12-20",2094342.69,282754,"Tuesday",0,0,0,0,0,0,0,0,0,0,0,0,0,0,0,0,0,0,586
"587","2016-12-21",2330654.95,309763,"Wednesday",0,0,0,0,0,0,0,0,0,0,0,0,0,0,0,0,0,0,587
"588","2016-12-22",2718072.02,356504,"Thursday",0,0,0,0,0,0,0,0,0,0,0,0,0,0,0,0,0,0,588
"589","2016-12-23",3162667.62,393831,"Friday",0,0,0,0,0,0,0,0,0,0,0,0,0,0,0,0,0,0,589
"590","2016-12-24",1846490.55,234008,"Saturday",0,0,0,0,0,0,0,0,0,0,0,0,0,0,0,0,0,0,590
"591","2016-12-25",1003300.82,126223,"Sunday",0,0,0,0,0,0,0,0,0,0,0,0,0,0,0,0,0,0,591
"592","2016-12-26",2417046.26,282255,"Monday",0,0,0,0,0,0,0,0,0,0,0,0,0,0,0,0,0,0,592
"593","2016-12-27",2537090.81,321834,"Tuesday",0,0,0,0,0,0,0,0,0,0,0,0,0,0,0,0,0,0,593
"594","2016-12-28",2526135.45,316743,"Wednesday",0,0,0,0,0,0,0,0,0,0,0,0,0,0,0,0,0,0,594
"595","2016-12-29",2467957.22,309224,"Thursday",0,0,0,0,0,0,0,0,0,0,0,0,0,0,0,0,0,0,595
"596","2016-12-30",2741950.91,336890,"Friday",0,0,0,0,0,0,0,0,0,0,0,0,0,0,0,0,0,0,596
"597","2016-12-31",1787391.42,226400,"Saturday",0,0,0,0,0,0,0,0,0,0,0,0,0,0,0,0,0,0,597
"598","2017-01-01",2484249.2,277654,"Sunday",0,0,0,0,0,0,0,0,0,0,0,0,0,0,0,0,0,0,598
"599","2017-01-02",2458869.44,314925,"Monday",0,0,0,0,0,0,0,0,0,0,0,0,0,0,0,0,0,0,599
"600","2017-01-03",2253161.91,290403,"Tuesday",0,0,0,0,0,0,0,0,0,0,0,0,0,0,0,0,0,0,600
"601","2017-01-04",2412254.33,304363,"Wednesday",0,0,0,0,0,0,0,0,0,0,0,0,0,0,0,0,0,0,601
"602","2017-01-05",2716157.39,334533,"Thursday",0,0,0,0,0,0,0,0,0,0,0,0,0,0,0,0,0,0,602
"603","2017-01-06",2881015.76,337040,"Friday",0,0,0,0,0,0,0,0,0,0,0,0,0,0,0,0,0,0,603
"604","2017-01-07",3159359.29,376502,"Saturday",0,0,0,0,0,0,0,0,0,0,0,0,0,0,0,0,0,0,604
"605","2017-01-08",2797253.63,325208,"Sunday",0,0,0,0,0,0,0,0,0,0,0,0,0,0,0,0,0,0,605
"606","2017-01-09",1587844.61,229978,"Monday",0,0,0,0,0,0,0,0,0,0,0,0,0,0,0,0,0,0,606
"607","2017-01-10",1544565.85,225237,"Tuesday",0,0,0,0,0,0,0,0,0,0,0,0,0,0,0,0,0,0,607
"608","2017-01-11",1928734.48,269039,"Wednesday",0,0,0,0,0,0,0,0,0,0,0,0,0,0,0,0,0,0,608
"609","2017-01-12",1753199.8,247670,"Thursday",0,0,0,0,0,0,0,0,0,0,0,0,0,0,0,0,0,0,609
"610","2017-01-13",2191611.73,295288,"Friday",0,0,0,0,0,0,0,0,0,0,0,0,0,0,0,0,0,0,610
"611","2017-01-14",3475085.18,423875,"Saturday",0,0,0,0,0,0,0,0,0,0,0,0,0,0,0,0,0,0,611
"612","2017-01-15",2883097.79,341254,"Sunday",0,0,0,0,0,0,0,0,0,0,0,0,0,0,0,0,0,0,612
"613","2017-01-16",1632173.27,237832,"Monday",0,0,0,0,0,0,0,0,0,0,0,0,0,0,0,0,0,0,613
"614","2017-01-17",1651525.18,238722,"Tuesday",0,0,0,0,0,0,0,0,0,0,0,0,0,0,0,0,0,0,614
"615","2017-01-18",1815476.99,254192,"Wednesday",0,0,0,0,0,0,0,0,0,0,0,0,0,0,0,0,0,0,615
"616","2017-01-19",1832519.68,259945,"Thursday",0,0,0,0,0,0,0,0,0,0,0,0,0,0,0,0,0,0,616
"617","2017-01-20",2307208.94,314715,"Friday",0,0,0,0,0,0,0,0,0,0,0,0,0,0,0,0,0,0,617
"618","2017-01-21",3322728.01,414362,"Saturday",0,0,0,0,0,0,0,0,0,0,0,0,0,0,0,0,0,0,618
"619","2017-01-22",2899966.77,346718,"Sunday",0,0,0,0,0,0,0,0,0,0,0,0,0,0,0,0,0,0,619
"620","2017-01-23",1588312.01,233835,"Monday",0,0,0,1,0,0,0,1,0,0,0,0,0,0,0,0,0,0,620
"621","2017-01-24",1647764.2,243445,"Tuesday",0,0,0,1,0,0,0,1,0,0,0,0,0,0,0,0,0,0,621
"622","2017-01-25",1725042.73,251054,"Wednesday",0,0,0,1,0,0,0,1,0,0,0,0,0,0,0,0,0,0,622
"623","2017-01-26",1789121.99,260463,"Thursday",0,0,0,0,0,0,0,0,0,0,0,0,0,0,0,0,0,0,623
"624","2017-01-27",2313155.37,319815,"Friday",0,0,0,0,0,0,0,0,0,0,0,0,0,0,0,0,0,0,624
"625","2017-01-28",3252262.25,411206,"Saturday",0,0,0,0,0,0,0,0,0,0,0,0,0,0,0,0,0,0,625
"626","2017-01-29",2922022.19,353140,"Sunday",0,0,0,0,0,0,0,0,0,0,0,0,0,0,0,0,0,0,626
"627","2017-01-30",1613562.44,239630,"Monday",0,0,0,0,0,0,0,0,0,0,0,0,0,0,0,0,0,0,627
"628","2017-01-31",1638835.08,243643,"Tuesday",0,0,0,0,0,0,0,0,0,0,0,0,0,0,0,0,0,0,628
"629","2017-02-01",1741866.55,251362,"Wednesday",0,0,0,0,0,0,0,0,0,0,0,0,0,0,0,0,0,0,629
"630","2017-02-02",1751642.88,254271,"Thursday",0,0,0,0,0,0,0,0,0,0,0,0,0,0,0,0,0,0,630
"631","2017-02-03",2254869.43,312629,"Friday",24054.16,1,0,0,0,0,1,1,1,1,1,1,0,0,0,0,0,1,631
"632","2017-02-04",3183333.76,408615,"Saturday",9018.5,1,0,0,0,0,0,0,1,0,1,0,0,0,0,0,0,0,632
"633","2017-02-05",2710928.44,334602,"Sunday",0,0,0,0,0,0,0,0,0,0,0,0,0,0,0,0,0,0,633
"634","2017-02-06",1525421.99,241096,"Monday",0,0,0,0,0,0,0,0,0,0,0,0,0,0,0,0,0,0,634
"635","2017-02-07",1635090.7,244172,"Tuesday",0,0,0,0,0,0,0,0,0,0,0,0,0,0,0,0,0,0,635
"636","2017-02-08",1867849.09,273014,"Wednesday",0,0,0,0,0,0,0,0,0,0,0,0,0,0,0,0,0,0,636
"637","2017-02-09",1789510.19,259230,"Thursday",0,0,0,0,0,0,0,0,0,0,0,0,0,0,0,0,0,0,637
"638","2017-02-10",2277300.88,315266,"Friday",0,0,0,0,0,0,0,0,0,0,0,0,0,0,0,0,0,0,638
"639","2017-02-11",3275644.67,418978,"Saturday",0,0,0,0,0,0,0,0,0,0,0,0,0,0,0,0,0,0,639
"640","2017-02-12",2895866.7,355573,"Sunday",0,0,0,0,0,0,0,0,0,0,0,0,0,0,0,0,0,0,640
