,BUSINESS_DATE,sales,visits,weekday,15 secondi_R101,15 secondi_Radio 105 Network,15 secondi_Radio Deejay Network,15 secondi_Radio Dimensione Suono Network,15 secondi_Radio Italia Solo Musica Italiana,15 secondi_Radio Kiss Kiss Network,15 secondi_Virgin Radio,20 secondi_Area News-Radio Margherita-Kiss Kiss Italia,20 secondi_CNR Radio FM,20 secondi_R101,20 secondi_Radio 105 Network,20 secondi_Radio Deejay Network,20 secondi_Radio Dimensione Suono Network,20 secondi_Radio Italia Solo Musica Italiana,20 secondi_Radio Kiss Kiss Network,20 secondi_Radio Sportiva,20 secondi_Radiodue,20 secondi_Radiouno,20 secondi_RTL 102.5 Hit Radio,20 secondi_Teamradio University,20 secondi_Virgin Radio,30 secondi_Radio 105 Network,trend
1,5/15/15,2263414.5,323132,Friday,0,0,0,0,0,0,0,0,0,0,0,0,0,0,0,0,0,0,0,0,0,0,1
2,5/16/15,3198848.22,428224,Saturday,0,0,0,0,0,0,0,0,0,0,0,0,0,0,0,0,0,0,0,0,0,0,2
3,5/17/15,2652109.29,346900,Sunday,0,0,0,0,0,0,0,0,0,0,0,0,0,0,0,0,0,0,0,0,0,0,3
4,5/18/15,1571493.48,248765,Monday,0,0,0,0,0,0,0,0,0,0,0,0,0,0,0,0,0,0,0,0,0,0,4
5,5/19/15,1604789.75,252006,Tuesday,0,0,0,0,0,0,0,0,0,0,0,0,0,0,0,0,0,0,0,0,0,0,5
6,5/20/15,1741078.8,261276,Wednesday,0,0,0,0,0,0,0,0,0,0,0,0,0,0,0,0,0,0,0,0,0,0,6
7,5/21/15,1842485.61,272067,Thursday,0,0,0,0,0,0,0,0,0,0,0,0,0,0,0,0,0,0,0,0,0,0,7
8,5/22/15,2337235.58,328838,Friday,0,0,0,0,0,0,0,0,0,0,0,0,0,0,0,0,0,0,0,0,0,0,8
9,5/23/15,3329547.02,432912,Saturday,0,0,0,0,0,0,0,0,0,0,0,0,0,0,0,0,0,0,0,0,0,0,9
10,5/24/15,2900727.07,362488,Sunday,0,0,0,0,0,0,0,0,0,0,0,0,0,0,0,0,0,0,0,0,0,0,10
11,5/25/15,1714534.05,256064,Monday,0,0,0,0,0,0,0,0,0,0,0,0,0,0,0,0,0,0,0,0,0,0,11
12,5/26/15,1764493.83,262043,Tuesday,0,0,0,0,0,0,0,0,0,0,0,0,0,0,0,0,0,0,0,0,0,0,12
13,5/27/15,1851841.28,271253,Wednesday,0,0,0,0,0,0,0,0,0,0,0,0,0,0,0,0,0,0,0,0,0,0,13
14,5/28/15,1973086.05,288867,Thursday,0,0,0,0,0,0,0,0,0,0,0,0,0,0,0,0,0,0,0,0,0,0,14
15,5/29/15,2398711.7,337308,Friday,0,0,0,0,0,0,0,0,0,0,0,0,0,0,0,0,0,0,0,0,0,0,15
16,5/30/15,3133487.56,413036,Saturday,0,0,0,0,0,0,0,0,0,0,0,0,0,0,0,0,0,0,0,0,0,0,16
17,5/31/15,2806835.03,355978,Sunday,0,0,0,0,0,0,0,0,0,0,0,0,0,0,0,0,0,0,0,0,0,0,17
18,6/1/15,2520219.56,334772,Monday,0,0,0,0,0,0,0,0,0,0,0,0,0,0,0,0,0,0,0,0,0,42500,18
19,6/2/15,2779862.13,344845,Tuesday,0,0,0,0,0,0,0,0,0,0,0,0,0,0,0,0,0,0,0,0,0,0,19
20,6/3/15,1643371.94,257967,Wednesday,0,0,0,0,0,0,0,0,0,0,0,0,0,0,0,0,0,0,0,0,0,0,20
21,6/4/15,1805133.03,276989,Thursday,0,0,0,0,0,0,0,0,0,0,0,0,0,0,0,0,0,0,0,0,0,0,21
22,6/5/15,2222026.13,330876,Friday,0,0,0,0,0,0,0,0,0,0,0,0,0,0,0,0,0,0,0,0,0,0,22
23,6/6/15,2701906.27,376848,Saturday,0,0,0,0,0,0,0,0,0,0,0,0,0,0,0,0,0,0,0,0,0,0,23
24,6/7/15,2591297.64,339633,Sunday,0,0,0,0,0,0,0,0,0,0,0,0,0,0,0,0,0,0,0,0,0,0,24
25,6/8/15,2033045.38,307721,Monday,0,0,0,0,0,0,0,0,0,0,0,0,0,0,0,0,0,0,0,0,0,0,25
26,6/9/15,1902668.7,284607,Tuesday,0,0,0,0,0,0,0,0,0,0,0,0,0,0,0,0,0,0,0,0,0,0,26
27,6/10/15,2082660.79,302623,Wednesday,0,0,0,0,0,0,0,0,0,0,0,0,0,0,0,0,0,0,0,0,0,0,27
28,6/11/15,2115439.76,307411,Thursday,0,0,0,0,0,0,0,0,0,0,0,0,0,0,0,0,0,0,0,0,0,0,28
29,6/12/15,2450839.35,337222,Friday,0,0,0,0,0,0,0,0,0,0,0,0,0,0,0,0,0,0,0,0,0,0,29
30,6/13/15,3144462.65,407715,Saturday,0,0,0,0,0,0,0,0,0,0,0,0,0,0,0,0,0,0,0,0,0,0,30
31,6/14/15,3061493.33,371740,Sunday,0,0,0,0,0,0,0,0,0,0,0,0,0,0,0,0,0,0,0,0,0,0,31
32,6/15/15,2038896.55,291115,Monday,0,0,0,0,0,0,0,0,0,0,0,0,0,0,0,0,0,0,0,0,0,0,32
33,6/16/15,2066238.08,293709,Tuesday,0,0,0,0,0,0,0,0,0,0,0,0,0,0,0,0,0,0,0,0,0,0,33
34,6/17/15,2203636.3,308485,Wednesday,0,0,0,0,0,0,0,0,0,0,0,0,0,0,0,0,0,0,0,0,0,0,34
35,6/18/15,2184342.68,306708,Thursday,0,0,0,0,0,0,0,0,0,0,0,0,0,0,0,0,0,0,0,0,0,0,35
36,6/19/15,2454233.9,336792,Friday,0,0,0,0,0,0,0,0,0,0,0,0,0,0,0,0,0,0,0,0,0,0,36
37,6/20/15,3099976.76,397556,Saturday,0,0,0,0,0,0,0,0,0,0,0,0,0,0,0,0,0,0,0,0,0,0,37
38,6/21/15,2740950.15,344449,Sunday,0,0,0,0,0,0,0,0,0,0,0,0,0,0,0,0,0,0,0,0,0,0,38
39,6/22/15,1950436.22,281972,Monday,0,0,0,0,0,0,0,0,0,0,0,0,0,0,0,0,0,0,0,0,0,0,39
40,6/23/15,2007594.05,288679,Tuesday,0,0,0,0,0,0,0,0,0,0,0,0,0,0,0,0,0,0,0,0,0,0,40
41,6/24/15,2122284.59,298329,Wednesday,0,0,0,0,0,0,0,0,0,0,0,0,0,0,0,0,0,0,0,0,0,0,41
42,6/25/15,2094289.28,297804,Thursday,0,0,0,0,0,0,0,0,0,0,0,0,0,0,0,0,0,0,0,0,0,0,42
43,6/26/15,2372084.95,329855,Friday,0,0,0,0,0,0,0,0,0,0,0,0,0,0,0,0,0,0,0,0,0,0,43
44,6/27/15,2896319.1,381731,Saturday,0,0,0,0,0,0,0,0,0,0,0,0,0,0,0,0,0,0,0,0,0,0,44
45,6/28/15,2602530.42,334343,Sunday,0,0,0,0,0,0,0,0,0,0,0,0,0,0,0,0,0,0,0,0,0,0,45
46,6/29/15,2019773.05,287040,Monday,0,0,0,0,0,0,0,0,0,0,0,0,0,0,0,0,0,0,0,0,0,0,46
47,6/30/15,1951591.25,284851,Tuesday,0,0,0,0,0,0,0,0,0,0,0,0,0,0,0,0,0,0,0,0,0,0,47
48,7/1/15,1972536.79,288585,Wednesday,0,0,0,0,0,0,0,0,0,0,0,0,0,0,0,0,0,0,0,0,0,0,48
49,7/2/15,1985006.42,292531,Thursday,0,0,0,0,0,0,0,0,0,0,0,0,0,0,0,0,0,0,0,0,0,0,49
50,7/3/15,2265625.61,326224,Friday,0,0,0,0,0,0,0,0,0,0,0,0,0,0,0,0,0,0,0,0,0,0,50
51,7/4/15,2984932.21,407409,Saturday,0,0,0,0,0,0,0,0,0,0,0,0,0,0,0,0,0,0,0,0,0,0,51
52,7/5/15,2665750.56,355819,Sunday,0,0,0,0,0,0,0,0,0,0,0,0,0,0,0,0,0,0,0,0,0,42500,52
53,7/6/15,1981921.96,298843,Monday,0,0,0,0,0,0,0,0,0,0,0,0,0,0,0,0,0,0,0,0,0,0,53
54,7/7/15,1979114.19,299306,Tuesday,0,0,0,0,0,0,0,0,0,0,0,0,0,0,0,0,0,0,0,0,0,0,54
55,7/8/15,2062678.54,302916,Wednesday,0,0,0,0,0,0,0,0,0,0,0,0,0,0,0,0,0,0,0,0,0,0,55
56,7/9/15,2168955.38,312742,Thursday,0,0,0,0,0,0,0,0,0,0,0,0,0,0,0,0,0,0,0,0,0,0,56
57,7/10/15,2410896.74,340477,Friday,0,0,0,0,0,0,0,0,0,0,0,0,0,0,0,0,0,0,0,0,0,0,57
58,7/11/15,2913534.57,393113,Saturday,0,0,0,0,0,0,0,0,0,0,0,0,0,0,0,0,0,0,0,0,0,0,58
59,7/12/15,2685937.52,350585,Sunday,0,0,0,0,0,0,0,0,0,0,0,0,0,0,0,0,0,0,0,0,0,0,59
60,7/13/15,2038089.08,299910,Monday,0,0,0,0,0,0,0,0,0,0,0,0,0,0,0,0,0,0,0,0,0,0,60
61,7/14/15,2005070.09,298649,Tuesday,0,0,0,0,0,0,0,0,0,0,0,0,0,0,0,0,0,0,0,0,0,0,61
62,7/15/15,2124351.03,310957,Wednesday,0,0,0,0,0,0,0,0,0,0,0,0,0,0,0,0,0,0,0,0,0,0,62
63,7/16/15,2151986.47,317348,Thursday,0,0,0,0,0,0,0,0,0,0,0,0,0,0,0,0,0,0,0,0,0,0,63
64,7/17/15,2452802.2,353316,Friday,0,0,0,0,0,0,0,0,0,0,0,0,0,0,0,0,0,0,0,0,0,0,64
65,7/18/15,2928130.48,398741,Saturday,0,0,0,0,0,0,0,0,0,0,0,0,0,0,0,0,0,0,0,0,0,0,65
66,7/19/15,2730389.84,359671,Sunday,0,0,0,0,0,0,0,0,0,0,0,0,0,0,0,0,0,0,0,0,0,0,66
67,7/20/15,2042866.83,304602,Monday,0,0,0,0,0,0,0,0,0,0,0,0,0,0,0,0,0,0,0,0,0,0,67
68,7/21/15,2050909.81,307396,Tuesday,0,0,0,0,0,0,0,0,0,0,0,0,0,0,0,0,0,0,0,0,0,0,68
69,7/22/15,2123423,314103,Wednesday,0,0,0,0,0,0,0,0,0,0,0,0,0,0,0,0,0,0,0,0,0,0,69
70,7/23/15,2169603.11,317158,Thursday,0,0,0,0,0,0,0,0,0,0,0,0,0,0,0,0,0,0,0,0,0,0,70
71,7/24/15,2448152.84,342454,Friday,0,0,0,0,0,0,0,0,0,0,0,0,0,0,0,0,0,0,0,0,0,0,71
72,7/25/15,3001481.15,397681,Saturday,0,0,0,0,0,0,0,0,0,0,0,0,0,0,0,0,0,0,0,0,0,0,72
73,7/26/15,2754305.73,356409,Sunday,0,0,0,0,0,0,0,0,0,0,0,0,0,0,0,0,0,0,0,0,0,0,73
74,7/27/15,2048771.22,299121,Monday,0,0,0,0,0,0,0,0,0,0,0,0,0,0,0,0,0,0,0,0,0,0,74
75,7/28/15,2039771.33,298721,Tuesday,0,0,0,0,0,0,0,0,0,0,0,0,0,0,0,0,0,0,0,0,0,0,75
76,7/29/15,2125412.98,304611,Wednesday,0,0,0,0,0,0,0,0,0,0,0,0,0,0,0,0,0,0,0,0,0,0,76
77,7/30/15,2239638.4,314893,Thursday,0,0,0,0,0,0,0,0,0,0,0,0,0,0,0,0,0,0,0,0,0,0,77
78,7/31/15,2552005.51,348912,Friday,0,0,0,0,0,0,0,0,0,0,0,0,0,0,0,0,0,0,0,0,0,0,78
79,8/1/15,3142684.6,400027,Saturday,0,0,0,0,0,0,0,0,0,0,0,0,0,0,0,0,0,0,0,0,0,0,79
80,8/2/15,2811498.18,360242,Sunday,0,0,0,0,0,0,0,0,0,0,0,0,0,0,0,0,0,0,0,0,0,0,80
81,8/3/15,2107780.91,301335,Monday,0,0,0,0,0,0,0,0,0,0,0,0,0,0,0,0,0,0,0,0,0,42500,81
82,8/4/15,2107150.17,300898,Tuesday,0,0,0,0,0,0,0,0,0,0,0,0,0,0,0,0,0,0,0,0,0,0,82
83,8/5/15,2140872.96,304979,Wednesday,0,0,0,0,0,0,0,0,0,0,0,0,0,0,0,0,0,0,0,0,0,0,83
84,8/6/15,2196386.51,310670,Thursday,0,0,0,0,0,0,0,0,0,0,0,0,0,0,0,0,0,0,0,0,0,0,84
85,8/7/15,2418219.72,336200,Friday,0,0,0,0,0,0,0,0,0,0,0,0,0,0,0,0,0,0,0,0,0,0,85
86,8/8/15,2781961.52,369443,Saturday,0,0,0,0,0,0,0,0,0,0,0,0,0,0,0,0,0,0,0,0,0,0,86
87,8/9/15,2602773.62,337843,Sunday,0,0,0,0,0,0,0,0,0,0,0,0,0,0,0,0,0,0,0,0,0,0,87
88,8/10/15,2464672.28,315396,Monday,0,0,0,0,0,0,0,0,0,0,0,0,0,0,0,0,0,0,0,0,0,0,88
89,8/11/15,2380640.01,311184,Tuesday,0,0,0,0,0,0,0,0,0,0,0,0,0,0,0,0,0,0,0,0,0,0,89
90,8/12/15,2301746.4,307201,Wednesday,0,0,0,0,0,0,0,0,0,0,0,0,0,0,0,0,0,0,0,0,0,0,90
91,8/13/15,2230995.3,304008,Thursday,0,0,0,0,0,0,0,0,0,0,0,0,0,0,0,0,0,0,0,0,0,0,91
92,8/14/15,2460008.75,326369,Friday,0,0,0,0,0,0,0,0,0,0,0,0,0,0,0,0,0,0,0,0,0,0,92
93,8/15/15,2251317.63,288312,Saturday,0,0,0,0,0,0,0,0,0,0,0,0,0,0,0,0,0,0,0,0,0,0,93
94,8/16/15,3194853.46,374433,Sunday,0,0,0,0,0,0,0,0,0,0,0,0,0,0,0,0,0,0,0,0,0,0,94
95,8/17/15,2381507.82,311701,Monday,0,0,0,0,0,0,0,0,0,0,0,0,0,0,0,0,0,0,0,0,0,0,95
96,8/18/15,2201246.47,295444,Tuesday,0,0,0,0,0,0,0,0,0,0,0,0,0,0,0,0,0,0,0,0,0,0,96
97,8/19/15,2445403.07,315458,Wednesday,0,0,0,0,0,0,0,0,0,0,0,0,0,0,0,0,0,0,0,0,0,0,97
98,8/20/15,2157421.53,296196,Thursday,0,0,0,0,0,0,0,0,0,0,0,0,0,0,0,0,0,0,0,0,0,0,98
99,8/21/15,2300600.92,313925,Friday,0,0,0,0,0,0,0,0,0,0,0,0,0,0,0,0,0,0,0,0,0,0,99
100,8/22/15,2572543.64,345375,Saturday,0,0,0,0,0,0,0,0,0,0,0,0,0,0,0,0,0,0,0,0,0,0,100
101,8/23/15,2517698.94,325949,Sunday,0,0,0,0,0,0,0,0,0,0,0,0,0,0,0,0,0,0,0,0,0,0,101
102,8/24/15,2190942.71,298400,Monday,0,0,0,0,0,0,0,0,0,0,0,0,0,0,0,0,0,0,0,0,0,0,102
103,8/25/15,2017139.87,290507,Tuesday,0,0,0,0,0,0,0,0,0,0,0,0,0,0,0,0,0,0,0,0,0,0,103
104,8/26/15,1971085.19,285865,Wednesday,0,0,0,0,0,0,0,0,0,0,0,0,0,0,0,0,0,0,0,0,0,0,104
105,8/27/15,2114482.7,300033,Thursday,0,0,0,0,0,0,0,0,0,0,0,0,0,0,0,0,0,0,0,0,0,0,105
106,8/28/15,2362329.2,330403,Friday,0,0,0,0,0,0,0,0,0,0,0,0,0,0,0,0,0,0,0,0,0,0,106
107,8/29/15,2849378.85,381499,Saturday,0,0,0,0,0,0,0,0,0,0,0,0,0,0,0,0,0,0,0,0,0,0,107
108,8/30/15,2690080.27,350410,Sunday,0,0,0,0,0,0,0,0,0,0,0,0,0,0,0,0,0,0,0,0,0,0,108
109,8/31/15,2169109.38,307976,Monday,0,0,0,0,0,0,0,0,0,0,0,0,0,0,0,0,0,0,0,0,0,0,109
110,9/1/15,2173661.38,311042,Tuesday,0,0,0,0,0,0,0,0,0,0,0,0,0,0,0,0,0,0,0,0,0,0,110
111,9/2/15,2277501.3,322331,Wednesday,0,0,0,0,0,0,0,0,0,0,0,0,0,0,0,0,0,0,0,0,0,0,111
112,9/3/15,2311591.21,328476,Thursday,0,0,0,0,0,0,0,0,0,0,0,0,0,0,0,0,0,0,0,0,0,0,112
113,9/4/15,2639550.44,363187,Friday,0,0,0,0,0,0,0,0,0,0,0,0,0,0,0,0,0,0,0,0,0,0,113
114,9/5/15,3349079.04,432006,Saturday,0,0,0,0,0,0,0,0,0,0,0,0,0,0,0,0,0,0,0,0,0,0,114
115,9/6/15,3067420.89,387799,Sunday,0,0,0,0,0,0,0,0,0,0,0,0,0,0,0,0,0,0,0,0,0,42500,115
116,9/7/15,2214567.62,320709,Monday,0,0,0,0,0,0,0,0,0,0,0,0,0,0,0,0,0,0,0,0,0,0,116
117,9/8/15,2256610.46,324578,Tuesday,0,0,0,0,0,0,0,0,0,0,0,0,0,0,0,0,0,0,0,0,0,0,117
118,9/9/15,2288193.19,322560,Wednesday,0,0,0,0,0,0,0,0,0,0,0,0,0,0,0,0,0,0,0,0,0,0,118
119,9/10/15,2413817.44,340910,Thursday,0,0,0,0,0,0,0,0,0,0,0,0,0,0,0,0,0,0,0,0,0,0,119
120,9/11/15,2773855.63,380657,Friday,0,0,0,0,0,0,0,0,0,632.1,1223.19,0,1720.27,1541.89,528.25,0,0,0,2408.36,0,612.78,0,120
121,9/12/15,3364700.13,436067,Saturday,0,0,0,0,0,0,0,0,0,632.1,1223.19,0,1720.27,1541.89,528.25,0,0,0,2408.36,0,612.78,0,121
122,9/13/15,3023011.45,380951,Sunday,0,0,0,0,0,0,0,552.48,0,632.1,1223.19,0,1720.27,1541.89,528.25,0,0,224.4,2408.36,0,612.78,0,122
123,9/14/15,2202870.51,318068,Monday,0,0,0,0,0,0,0,552.48,0,632.1,1223.19,0,1720.27,1541.89,528.25,0,0,397.8,2408.36,0,612.78,0,123
124,9/15/15,2010627.92,300993,Tuesday,0,0,0,0,0,0,0,552.48,0,632.1,1223.19,0,1720.27,1541.89,528.25,0,0,397.8,2408.36,0,612.78,0,124
125,9/16/15,1992772.54,299949,Wednesday,0,0,0,0,0,0,0,552.48,0,632.1,1223.19,0,1720.27,1541.89,528.25,0,54.4,299.2,2408.36,0,612.78,0,125
126,9/17/15,1987262.08,301809,Thursday,0,0,0,0,0,0,0,552.48,0,632.1,1223.19,0,1720.27,1541.89,528.25,0,0,459,2408.36,0,612.78,0,126
127,9/18/15,2489570.72,358390,Friday,0,0,0,0,0,0,0,552.48,0,632.1,1223.19,0,1720.27,1541.89,528.25,0,54.4,387.6,2408.36,0,612.78,0,127
128,9/19/15,3344787.36,447457,Saturday,0,0,0,0,0,0,0,552.48,0,632.1,1223.19,0,1720.27,1541.89,528.25,0,0,377.4,2408.36,0,612.78,0,128
129,9/20/15,2965862.98,379264,Sunday,0,0,0,0,0,0,0,0,0,632.1,1223.19,0,1720.27,1541.89,528.25,0,0,0,2408.36,0,612.78,0,129
130,9/21/15,1777971.98,276109,Monday,0,0,0,0,0,0,0,0,0,632.1,1223.19,0,1720.27,1541.89,528.25,0,0,0,2408.36,0,612.78,0,130
131,9/22/15,1806005.61,279835,Tuesday,0,0,0,0,0,0,0,0,0,632.1,1223.19,0,1720.27,1541.89,528.25,0,0,0,2408.36,0,612.78,0,131
132,9/23/15,1855185.69,279393,Wednesday,0,0,0,0,0,0,0,0,0,632.1,1223.19,0,1720.27,1541.89,528.25,0,0,0,2408.36,0,612.78,0,132
133,9/24/15,1997027.31,299607,Thursday,0,0,0,0,0,0,0,0,0,632.1,1223.19,0,1720.27,1541.89,528.25,0,0,0,2408.36,0,612.78,0,133
134,9/25/15,2466808.34,356239,Friday,0,0,0,0,0,0,0,0,0,0,0,0,0,0,0,0,0,0,0,0,0,0,134
135,9/26/15,3294679.65,441249,Saturday,0,0,0,0,0,0,0,0,0,0,0,0,0,0,0,0,0,0,0,0,0,0,135
136,9/27/15,2960270.44,377098,Sunday,0,0,0,0,0,0,0,0,0,0,0,0,0,0,0,0,0,0,0,0,0,0,136
137,9/28/15,1725171,267368,Monday,0,0,0,0,0,0,0,0,0,0,0,0,0,0,0,0,0,0,0,0,0,0,137
138,9/29/15,1767263.16,273375,Tuesday,0,0,0,0,0,0,0,0,0,0,0,0,0,0,0,0,0,0,0,0,0,0,138
139,9/30/15,1895779.88,280167,Wednesday,0,0,0,0,0,0,0,0,0,0,0,0,0,0,0,0,0,0,0,0,0,0,139
140,10/1/15,1934449.36,281875,Thursday,0,0,0,0,0,0,0,0,0,0,0,0,0,0,0,0,0,0,0,0,0,42500,140
141,10/2/15,2411388.55,337123,Friday,0,0,0,0,0,0,0,0,1727.46,0,1223.19,2461.8,1720.27,0,0,0,1056.38,194.48,0,0,612.78,0,141
142,10/3/15,3567128.36,452908,Saturday,0,0,0,0,0,0,0,0,1727.46,0,1223.19,2461.8,1720.27,0,0,0,433.16,583.44,0,0,612.78,0,142
143,10/4/15,3094923.74,379343,Sunday,0,0,0,0,0,0,0,0,1727.46,0,1223.19,2461.8,1720.27,0,0,0,734.97,388.96,0,0,612.78,0,143
144,10/5/15,1767151.76,265322,Monday,0,0,0,0,0,0,0,0,1727.46,0,1223.19,2461.8,1720.27,0,0,0,1007.12,147.75,0,0,612.78,0,144
145,10/6/15,1762381.98,264984,Tuesday,0,0,0,0,0,0,0,0,1727.46,0,1223.19,2461.8,1720.27,0,0,0,1104.36,342.23,0,0,612.78,0,145
146,10/7/15,1854500,274448,Wednesday,0,0,0,0,0,0,0,0,1727.46,0,1223.19,2461.8,1720.27,0,0,0,1029.22,342.23,0,0,612.78,0,146
147,10/8/15,1938439.68,283231,Thursday,0,0,0,0,0,0,0,0,1727.46,0,1223.19,2461.8,1720.27,0,0,0,921.25,342.23,0,0,612.78,0,147
148,10/9/15,2539034,354457,Friday,0,0,0,0,0,0,0,0,0,0,0,0,0,0,0,0,0,0,0,0,0,0,148
149,10/10/15,3408944.91,430196,Saturday,0,0,0,0,0,0,0,0,0,0,0,0,0,0,0,0,0,0,0,0,0,0,149
150,10/11/15,3146691.5,382317,Sunday,0,0,0,0,0,0,0,0,0,0,0,0,0,0,0,0,0,0,0,0,0,0,150
151,10/12/15,1777011.45,265483,Monday,0,0,0,0,0,0,0,0,0,0,0,0,0,0,0,0,0,0,0,0,0,0,151
152,10/13/15,1791708.58,265729,Tuesday,0,0,0,0,0,0,0,0,0,0,0,0,0,0,0,0,0,0,0,0,0,0,152
153,10/14/15,1854702.31,272229,Wednesday,0,0,0,0,0,0,0,0,0,0,0,0,0,0,0,0,0,0,0,0,0,0,153
154,10/15/15,1972279.79,284397,Thursday,0,0,0,0,0,0,0,0,0,0,0,0,0,0,0,0,0,0,0,0,0,0,154
155,10/16/15,2491593.45,345298,Friday,0,0,0,0,0,0,0,0,0,0,0,0,0,0,0,0,0,0,0,0,0,0,155
156,10/17/15,3522846.85,448196,Saturday,0,0,0,0,0,0,0,0,0,0,0,0,0,0,0,0,0,0,0,0,0,0,156
157,10/18/15,2994293.14,366901,Sunday,0,0,0,0,0,0,0,0,0,0,0,0,0,0,0,0,0,0,0,0,0,0,157
158,10/19/15,1726035.63,258509,Monday,0,0,0,0,0,0,0,0,0,0,0,0,0,0,0,0,0,0,0,0,0,0,158
159,10/20/15,1740074.39,259420,Tuesday,0,0,0,0,0,0,0,0,0,0,0,0,0,0,0,0,0,0,0,0,0,0,159
160,10/21/15,1815304.62,265725,Wednesday,0,0,0,0,0,0,0,0,0,0,0,0,0,0,0,0,0,0,0,0,0,0,160
161,10/22/15,1875809.89,274388,Thursday,0,0,0,0,0,0,0,0,0,0,0,0,0,0,0,0,0,0,0,0,0,0,161
162,10/23/15,2405678.19,335505,Friday,0,0,0,0,0,0,0,0,0,0,0,0,0,0,0,0,0,0,0,0,0,0,162
163,10/24/15,3479826.76,446396,Saturday,0,0,0,0,0,0,0,0,0,0,0,0,0,0,0,0,0,0,0,0,0,0,163
164,10/25/15,2948099.19,363873,Sunday,0,0,0,0,0,0,0,0,0,0,0,0,0,0,0,0,0,0,0,0,0,0,164
165,10/26/15,1612062.61,245064,Monday,0,0,0,0,0,0,0,0,0,0,0,0,0,0,0,0,0,0,0,0,0,0,165
166,10/27/15,1630328.08,247918,Tuesday,0,0,0,0,0,0,0,0,0,0,0,0,0,0,0,0,0,0,0,0,0,0,166
167,10/28/15,1626185.93,243305,Wednesday,0,0,0,0,0,0,0,0,0,0,0,0,0,0,0,0,0,0,0,0,0,0,167
168,10/29/15,1734295.64,256773,Thursday,0,0,0,0,0,0,0,0,0,0,0,0,0,0,0,0,0,0,0,0,0,0,168
169,10/30/15,2299306.87,324756,Friday,0,0,0,0,0,0,0,0,0,0,0,0,0,0,0,0,0,0,0,0,0,0,169
170,10/31/15,3341761.49,432176,Saturday,0,0,0,0,0,0,0,0,0,0,0,0,0,0,0,0,0,0,0,0,0,0,170
171,11/1/15,2835041.03,351081,Sunday,0,0,0,0,0,0,0,0,0,0,0,0,0,0,0,0,0,0,0,0,0,0,171
172,11/2/15,1983927.3,279769,Monday,0,0,0,0,0,0,0,0,0,0,0,0,0,0,0,0,0,0,0,0,0,0,172
173,11/3/15,1585567.36,241896,Tuesday,0,0,0,0,0,0,0,0,0,0,0,0,0,0,0,0,0,0,0,0,0,0,173
174,11/4/15,1671490.73,251587,Wednesday,0,0,0,0,0,0,0,0,0,0,0,0,0,0,0,0,0,0,0,0,0,0,174
175,11/5/15,1750428.48,260757,Thursday,0,0,0,0,0,0,0,0,0,0,0,0,0,0,0,0,0,0,0,0,0,0,175
176,11/6/15,2282095.48,323440,Friday,0,0,0,0,0,0,0,0,0,0,0,0,0,0,0,0,0,0,0,0,0,0,176
177,11/7/15,3311618.08,432003,Saturday,0,0,0,0,0,0,0,0,0,0,0,0,0,0,0,0,0,0,0,0,0,0,177
178,11/8/15,2813566.73,351689,Sunday,0,0,0,0,0,0,0,0,0,0,0,0,0,0,0,0,0,0,0,0,0,0,178
179,11/9/15,1545947.26,238433,Monday,0,0,0,0,0,0,0,0,0,0,0,0,0,0,0,0,0,0,0,0,0,0,179
180,11/10/15,1634998.32,247453,Tuesday,0,0,0,0,0,0,0,0,0,0,0,0,0,0,0,0,0,0,0,0,0,0,180
181,11/11/15,1730452.16,255967,Wednesday,0,0,0,0,0,0,0,0,0,0,0,0,0,0,0,0,0,0,0,0,0,0,181
182,11/12/15,1810467.27,265256,Thursday,0,0,0,0,0,0,0,0,0,0,0,0,0,0,0,0,0,0,0,0,0,0,182
183,11/13/15,2402018.16,335483,Friday,0,0,0,0,0,0,0,0,0,0,0,0,0,0,0,0,0,0,0,0,0,0,183
184,11/14/15,3349027.62,425733,Saturday,0,0,0,0,0,0,0,0,0,0,0,0,0,0,0,0,0,0,0,0,0,0,184
185,11/15/15,3105885.48,370890,Sunday,0,0,0,0,0,0,0,0,0,0,0,0,0,0,0,0,0,0,0,0,0,0,185
186,11/16/15,1586585.96,240713,Monday,0,0,0,0,0,0,0,0,0,0,0,0,0,0,0,0,0,0,0,0,0,0,186
187,11/17/15,1649237.49,249380,Tuesday,0,0,0,0,0,0,0,0,0,0,0,0,0,0,0,0,0,0,0,0,0,0,187
188,11/18/15,1708967.95,252481,Wednesday,0,0,0,0,0,0,0,0,0,0,0,0,0,0,0,0,0,0,0,0,0,0,188
189,11/19/15,1780950.35,260916,Thursday,0,0,0,0,0,0,0,0,0,0,0,0,0,0,0,0,0,0,0,0,0,0,189
190,11/20/15,2307938.35,321542,Friday,0,0,0,0,0,0,0,0,0,0,0,0,0,0,0,0,0,0,0,0,0,0,190
191,11/21/15,3149087.59,402506,Saturday,0,0,0,0,0,0,0,0,0,0,0,0,0,0,0,0,0,0,0,0,0,0,191
192,11/22/15,3047236.37,364361,Sunday,0,0,0,0,0,0,0,0,0,0,0,0,0,0,0,0,0,0,0,0,0,0,192
193,11/23/15,1549572.07,233590,Monday,0,0,0,0,0,0,0,0,0,0,0,0,0,0,0,0,0,0,0,0,0,0,193
194,11/24/15,1591287.86,238980,Tuesday,0,0,0,0,0,0,0,0,0,0,0,0,0,0,0,0,0,0,0,0,0,0,194
195,11/25/15,1701344.17,249938,Wednesday,0,0,0,0,0,0,0,0,0,0,0,0,0,0,0,0,0,0,0,0,0,0,195
196,11/26/15,1716751.5,252035,Thursday,0,0,0,0,0,0,0,0,0,0,0,0,0,0,0,0,0,0,0,0,0,0,196
197,11/27/15,2346600.45,323255,Friday,0,0,0,0,0,0,0,0,0,0,0,0,0,0,0,0,0,0,0,0,0,0,197
198,11/28/15,3328479.44,422768,Saturday,0,0,0,0,0,0,0,0,0,0,0,0,0,0,0,0,0,0,0,0,0,0,198
199,11/29/15,2969416.56,359822,Sunday,0,0,0,0,0,0,0,0,0,0,0,0,0,0,0,0,0,0,0,0,0,0,199
200,11/30/15,1587555.36,241076,Monday,0,0,0,0,0,0,0,0,0,0,0,0,0,0,0,0,0,0,0,0,0,0,200
201,12/1/15,1702544.3,257326,Tuesday,0,0,0,0,0,0,0,0,0,0,0,0,0,0,0,0,0,0,0,0,0,0,201
202,12/2/15,1765622.41,266923,Wednesday,0,0,0,0,0,0,0,0,0,0,0,0,0,0,0,0,0,0,0,0,0,0,202
203,12/3/15,1797826.47,267949,Thursday,0,0,0,0,0,0,0,0,0,0,0,0,0,0,0,0,0,0,0,0,0,0,203
204,12/4/15,2317930.3,336622,Friday,0,0,0,0,0,0,0,0,0,0,0,0,0,0,0,0,0,0,0,0,0,0,204
205,12/5/15,3419958.46,435554,Saturday,0,0,0,0,0,0,0,0,0,0,0,0,0,0,0,0,0,0,0,0,0,0,205
206,12/6/15,3204196.15,387971,Sunday,0,0,0,0,0,0,0,0,0,0,0,0,0,0,0,0,0,0,0,0,0,0,206
207,12/7/15,2876947.17,372930,Monday,0,0,0,0,0,0,0,0,0,0,0,0,0,0,0,0,0,0,0,0,0,0,207
208,12/8/15,2921322.96,384058,Tuesday,0,0,0,0,0,0,0,0,0,0,0,0,0,0,0,0,0,0,0,0,0,0,208
209,12/9/15,1577357.35,279318,Wednesday,0,0,0,0,0,0,0,0,0,0,0,0,0,0,0,0,0,0,0,0,0,0,209
210,12/10/15,1771132.76,288229,Thursday,0,0,0,0,0,0,0,0,0,0,0,0,0,0,0,0,0,0,0,0,0,0,210
211,12/11/15,2290191.32,358825,Friday,0,0,0,0,0,0,0,0,0,0,0,0,0,0,0,0,0,0,0,0,0,0,211
212,12/12/15,3402733.37,438482,Saturday,0,0,0,0,0,0,0,0,0,0,0,0,0,0,0,0,0,0,0,0,0,0,212
213,12/13/15,3016016.76,364414,Sunday,0,0,0,0,0,0,0,0,0,0,0,0,0,0,0,0,0,0,0,0,0,0,213
214,12/14/15,1736425.92,282102,Monday,0,0,0,0,0,0,0,0,0,0,0,0,0,0,0,0,0,0,0,0,0,0,214
215,12/15/15,1918501.28,322216,Tuesday,0,0,0,0,0,0,0,0,0,0,0,0,0,0,0,0,0,0,0,0,0,0,215
216,12/16/15,2093927.18,354904,Wednesday,0,0,0,0,0,0,0,0,0,0,0,0,0,0,0,0,0,0,0,0,0,0,216
217,12/17/15,2160187.23,329207,Thursday,0,0,0,0,0,0,0,0,0,0,0,0,0,0,0,0,0,0,0,0,0,0,217
218,12/18/15,2643603.58,374326,Friday,0,0,0,0,0,0,0,0,0,0,0,0,0,0,0,0,0,0,0,0,0,0,218
219,12/19/15,3793059.62,470772,Saturday,0,0,0,0,0,0,0,0,0,0,0,0,0,0,0,0,0,0,0,0,0,0,219
220,12/20/15,3447125.01,404689,Sunday,0,0,0,0,0,0,0,0,0,0,0,0,0,0,0,0,0,0,0,0,0,0,220
221,12/21/15,2232598.29,344380,Monday,0,0,0,0,0,0,0,0,0,0,0,0,0,0,0,0,0,0,0,0,0,0,221
222,12/22/15,2656331.76,387887,Tuesday,0,0,0,0,0,0,0,0,0,0,0,0,0,0,0,0,0,0,0,0,0,0,222
223,12/23/15,2996277.85,385428,Wednesday,0,0,0,0,0,0,0,0,0,0,0,0,0,0,0,0,0,0,0,0,0,0,223
224,12/24/15,1738698.47,233020,Thursday,0,0,0,0,0,0,0,0,0,0,0,0,0,0,0,0,0,0,0,0,0,0,224
225,12/25/15,947253.33,125131,Friday,0,0,0,0,0,0,0,0,0,0,0,0,0,0,0,0,0,0,0,0,0,0,225
226,12/26/15,2428890.64,305534,Saturday,0,0,0,0,0,0,0,0,0,0,0,0,0,0,0,0,0,0,0,0,0,0,226
227,12/27/15,3365886.96,398196,Sunday,0,0,0,0,0,0,0,0,0,0,0,0,0,0,0,0,0,0,0,0,0,0,227
228,12/28/15,2395470.43,316629,Monday,0,0,0,0,0,0,0,0,0,0,0,0,0,0,0,0,0,0,0,0,0,0,228
229,12/29/15,2481639.1,322058,Tuesday,0,0,0,0,0,0,0,0,0,0,0,0,0,0,0,0,0,0,0,0,0,0,229
230,12/30/15,2566144.56,326916,Wednesday,0,0,0,0,0,0,0,0,0,0,0,0,0,0,0,0,0,0,0,0,0,0,230
231,12/31/15,1655289.51,221576,Thursday,0,0,0,0,0,0,0,0,0,0,0,0,0,0,0,0,0,0,0,0,0,0,231
232,1/1/16,2434023.42,283346,Friday,0,0,0,0,0,0,0,0,0,0,0,0,0,0,0,0,0,0,0,0,0,0,232
233,1/2/16,3144495.49,386906,Saturday,0,0,0,0,0,0,0,0,0,0,0,0,0,0,0,0,0,0,0,0,0,0,233
234,1/3/16,3126570.8,377981,Sunday,0,0,0,0,0,0,0,0,0,0,0,0,0,0,0,0,0,0,0,0,0,0,234
235,1/4/16,2226739.61,296202,Monday,0,0,0,0,0,0,0,0,0,0,0,0,0,0,0,0,0,0,0,0,0,0,235
236,1/5/16,2641446.56,343647,Tuesday,0,0,0,0,0,0,0,0,0,0,0,0,0,0,0,0,0,0,0,0,0,0,236
237,1/6/16,2580335.47,320462,Wednesday,0,0,0,0,0,0,0,0,0,0,0,0,0,0,0,0,0,0,0,0,0,0,237
238,1/7/16,1465567.66,227278,Thursday,0,0,0,0,0,0,0,0,0,0,0,0,0,0,0,0,0,0,0,0,0,0,238
239,1/8/16,1984719.8,286386,Friday,0,0,0,0,0,0,0,0,0,0,0,0,0,0,0,0,0,0,0,0,0,0,239
240,1/9/16,3059970.09,401309,Saturday,0,0,0,0,0,0,0,0,0,0,0,0,0,0,0,0,0,0,0,0,0,0,240
241,1/10/16,2898275.91,358806,Sunday,0,0,0,0,0,0,0,0,0,0,0,0,0,0,0,0,0,0,0,0,0,0,241
242,1/11/16,1517121.1,231423,Monday,0,0,0,0,0,0,0,0,0,0,0,0,0,0,0,0,0,0,0,0,0,0,242
243,1/12/16,1636831.19,247090,Tuesday,0,0,0,0,0,0,0,0,0,0,0,0,0,0,0,0,0,0,0,0,0,0,243
244,1/13/16,1725247.52,254222,Wednesday,0,0,0,0,0,0,0,0,0,0,0,0,0,0,0,0,0,0,0,0,0,0,244
245,1/14/16,1703464.53,252752,Thursday,0,0,0,0,0,0,0,0,0,0,0,0,0,0,0,0,0,0,0,0,0,0,245
246,1/15/16,2225971.36,313245,Friday,0,0,0,0,0,0,0,0,0,0,0,0,0,0,0,0,0,0,0,0,0,0,246
247,1/16/16,3240831.79,417673,Saturday,0,0,0,0,0,0,0,0,0,0,0,0,0,0,0,0,0,0,0,0,0,0,247
248,1/17/16,2846964.51,351644,Sunday,0,0,0,0,0,0,0,0,0,0,0,0,0,0,0,0,0,0,0,0,0,0,248
249,1/18/16,1555515.94,234661,Monday,0,0,0,0,0,0,0,0,0,0,0,0,0,0,0,0,0,0,0,0,0,0,249
250,1/19/16,1549026.39,233706,Tuesday,0,0,0,0,0,0,0,0,0,0,0,0,0,0,0,0,0,0,0,0,0,0,250
251,1/20/16,1654828.92,245501,Wednesday,0,0,0,0,0,0,0,0,0,0,0,0,0,0,0,0,0,0,0,0,0,0,251
252,1/21/16,1690550.26,251238,Thursday,0,0,0,0,0,0,0,0,0,0,0,0,0,0,0,0,0,0,0,0,0,0,252
253,1/22/16,2169701.04,306681,Friday,0,0,0,0,0,0,0,0,0,0,0,0,0,0,0,0,0,0,0,0,0,0,253
254,1/23/16,3165668.32,413233,Saturday,0,0,0,0,0,0,0,0,0,0,0,0,0,0,0,0,0,0,0,0,0,0,254
255,1/24/16,2796396.33,348627,Sunday,0,0,0,0,0,0,0,0,0,0,0,0,0,0,0,0,0,0,0,0,0,0,255
256,1/25/16,1511751.4,231437,Monday,0,0,0,0,0,0,0,0,0,0,0,0,0,0,0,0,0,0,0,0,0,0,256
257,1/26/16,1548315.05,236924,Tuesday,0,0,0,0,0,0,0,0,0,0,0,0,0,0,0,0,0,0,0,0,0,0,257
258,1/27/16,1658624.27,248173,Wednesday,0,0,0,0,0,0,0,0,0,0,0,0,0,0,0,0,0,0,0,0,0,0,258
259,1/28/16,1689989.59,252620,Thursday,0,0,0,0,0,0,0,0,0,0,0,0,0,0,0,0,0,0,0,0,0,0,259
260,1/29/16,2183429.34,311948,Friday,0,0,0,0,0,0,0,0,0,0,0,0,0,0,0,0,0,0,0,0,0,0,260
261,1/30/16,3045585.59,404409,Saturday,0,0,0,0,0,0,0,0,0,0,0,0,0,0,0,0,0,0,0,0,0,0,261
262,1/31/16,2715130.71,343166,Sunday,0,0,0,0,0,0,0,0,0,0,0,0,0,0,0,0,0,0,0,0,0,0,262
263,2/1/16,1524898.32,232341,Monday,0,0,0,0,0,0,0,0,0,0,0,0,0,0,0,0,0,0,0,0,0,0,263
264,2/2/16,1524590.78,232163,Tuesday,0,0,0,0,0,0,0,0,0,0,0,0,0,0,0,0,0,0,0,0,0,0,264
265,2/3/16,1583477.56,239471,Wednesday,0,0,0,0,0,0,0,0,0,0,0,0,0,0,0,0,0,0,0,0,0,0,265
266,2/4/16,1702359.45,255996,Thursday,0,0,0,0,0,0,0,0,0,0,0,0,0,0,0,0,0,0,0,0,0,0,266
267,2/5/16,2197276.13,313632,Friday,0,0,0,0,0,0,0,0,0,0,0,0,0,0,0,0,0,0,0,0,0,0,267
268,2/6/16,3018347.1,399401,Saturday,0,0,0,0,0,0,0,0,0,0,0,0,0,0,0,0,0,0,0,0,0,0,268
269,2/7/16,2531298.82,323682,Sunday,0,0,0,0,0,0,0,0,0,0,0,0,0,0,0,0,0,0,0,0,0,0,269
270,2/8/16,1777039.96,261797,Monday,0,0,0,0,0,0,0,0,0,0,0,0,0,0,0,0,0,0,0,0,0,0,270
271,2/9/16,1920181.82,276416,Tuesday,0,0,0,0,0,0,0,0,0,0,0,0,0,0,0,0,0,0,0,0,0,0,271
272,2/10/16,1628950.2,245670,Wednesday,0,0,0,0,0,0,0,0,0,0,0,0,0,0,0,0,0,0,0,0,0,0,272
273,2/11/16,1773030.26,259157,Thursday,0,0,0,0,0,0,0,0,0,0,0,0,0,0,0,0,0,0,0,0,0,0,273
274,2/12/16,2085231.74,296316,Friday,0,0,0,0,0,0,0,0,0,0,0,0,0,0,0,0,0,0,0,0,0,0,274
275,2/13/16,2937570.52,388563,Saturday,0,0,0,0,0,0,0,0,0,0,0,0,0,0,0,0,0,0,0,0,0,0,275
276,2/14/16,2797153.78,345750,Sunday,0,0,0,0,0,0,0,0,0,0,0,0,0,0,0,0,0,0,0,0,0,0,276
277,2/15/16,1552251.65,234931,Monday,0,0,0,0,0,0,0,0,0,0,0,0,0,0,0,0,0,0,0,0,0,0,277
278,2/16/16,1577009.64,238151,Tuesday,0,0,0,0,0,0,0,0,0,0,0,0,0,0,0,0,0,0,0,0,0,0,278
279,2/17/16,1669572.93,249406,Wednesday,0,0,0,0,0,0,0,0,0,0,0,0,0,0,0,0,0,0,0,0,0,0,279
280,2/18/16,1751077.32,258102,Thursday,0,0,0,0,0,0,0,0,0,0,0,0,0,0,0,0,0,0,0,0,0,0,280
281,2/19/16,2163615.9,312197,Friday,0,0,0,0,0,0,0,0,0,0,0,0,0,0,0,0,0,0,0,0,0,0,281
282,2/20/16,3242485.7,424535,Saturday,0,0,0,0,0,0,0,0,0,0,0,0,0,0,0,0,0,0,0,0,0,0,282
283,2/21/16,2912402.83,364464,Sunday,0,0,0,0,0,0,0,0,0,0,0,0,0,0,0,0,0,0,0,0,0,0,283
284,2/22/16,1494315.4,231802,Monday,0,0,0,0,0,0,0,0,0,0,0,0,0,0,0,0,0,0,0,0,0,0,284
285,2/23/16,1543690.59,238948,Tuesday,0,0,0,0,0,0,0,0,0,0,0,0,0,0,0,0,0,0,0,0,0,0,285
286,2/24/16,1709051.92,253299,Wednesday,0,0,0,0,0,0,0,0,0,0,0,0,0,0,0,0,0,0,0,0,0,0,286
287,2/25/16,1749099.19,255674,Thursday,0,0,0,0,0,0,0,0,0,0,0,0,0,0,0,0,0,0,0,0,0,0,287
288,2/26/16,2174502.69,307053,Friday,0,0,0,0,0,0,0,0,0,0,0,0,0,0,0,0,0,0,0,0,0,0,288
289,2/27/16,3169512.85,404025,Saturday,0,0,0,0,0,0,0,0,0,0,0,0,0,0,0,0,0,0,0,0,0,0,289
290,2/28/16,2681129.1,331749,Sunday,0,0,0,0,0,0,0,0,0,0,0,0,0,0,0,0,0,0,0,0,0,0,290
291,2/29/16,1570067.79,233372,Monday,0,0,0,0,0,0,0,0,0,0,0,0,0,0,0,0,0,0,0,0,0,0,291
292,3/1/16,1706113.05,251117,Tuesday,0,0,0,0,0,0,0,0,0,0,0,0,0,0,0,0,0,0,0,0,0,0,292
293,3/2/16,1773125.37,256702,Wednesday,0,0,0,0,0,0,0,0,0,0,0,0,0,0,0,0,0,0,0,0,0,0,293
294,3/3/16,1775851.38,258099,Thursday,0,0,0,0,0,0,0,0,0,0,0,0,0,0,0,0,0,0,0,0,0,0,294
295,3/4/16,2190749.76,308015,Friday,0,0,0,0,0,0,0,0,0,0,0,0,0,0,0,0,0,0,0,0,0,0,295
296,3/5/16,3085090.18,394744,Saturday,0,0,0,0,0,0,0,0,0,0,0,0,0,0,0,0,0,0,0,0,0,0,296
297,3/6/16,2948907.16,361230,Sunday,0,0,0,0,0,0,0,0,0,0,0,0,0,0,0,0,0,0,0,0,0,0,297
298,3/7/16,1562988.52,237370,Monday,0,0,0,0,0,0,0,0,0,0,0,0,0,0,0,0,0,0,0,0,0,0,298
299,3/8/16,1796600.18,259862,Tuesday,0,0,0,0,0,0,0,0,0,0,0,0,0,0,0,0,0,0,0,0,0,0,299
300,3/9/16,1657248.51,244504,Wednesday,0,0,0,0,0,0,0,0,0,0,0,0,0,0,0,0,0,0,0,0,0,0,300
301,3/10/16,1772040.13,257894,Thursday,0,0,0,0,0,0,0,0,0,0,0,0,0,0,0,0,0,0,0,0,0,0,301
302,3/11/16,2190240.87,308876,Friday,0,0,0,0,0,0,0,0,0,0,0,0,0,0,0,0,0,0,0,0,0,0,302
303,3/12/16,3335357.57,424520,Saturday,0,0,0,0,0,0,0,0,0,0,0,0,0,0,0,0,0,0,0,0,0,0,303
304,3/13/16,2952180.75,361563,Sunday,0,0,0,0,0,0,0,0,0,0,0,0,0,0,0,0,0,0,0,0,0,0,304
305,3/14/16,1623817.56,244925,Monday,0,0,0,0,0,0,0,0,0,0,0,0,0,0,0,0,0,0,0,0,0,0,305
306,3/15/16,1662232.31,246742,Tuesday,0,0,0,0,0,0,0,0,0,0,0,0,0,0,0,0,0,0,0,0,0,0,306
307,3/16/16,1708967.17,249642,Wednesday,0,0,0,0,0,0,0,0,0,0,0,0,0,0,0,0,0,0,0,0,0,0,307
308,3/17/16,1857784.54,270310,Thursday,0,0,0,0,0,0,0,0,0,0,0,0,0,0,0,0,0,0,0,0,0,0,308
309,3/18/16,2307484.45,322808,Friday,0,0,0,0,0,0,0,0,0,0,0,0,0,0,0,0,0,0,0,0,0,0,309
310,3/19/16,3277650.85,418618,Saturday,0,0,0,0,0,0,0,0,0,0,0,0,0,0,0,0,0,0,0,0,0,0,310
311,3/20/16,2851536.03,352159,Sunday,0,0,0,0,0,0,0,0,0,0,0,0,0,0,0,0,0,0,0,0,0,0,311
312,3/21/16,1634874.51,247896,Monday,0,0,0,0,0,0,0,0,0,0,0,0,0,0,0,0,0,0,0,0,0,0,312
313,3/22/16,1696963.42,255308,Tuesday,0,0,0,0,0,0,0,0,0,0,0,0,0,0,0,0,0,0,0,0,0,0,313
314,3/23/16,2162584.89,310066,Wednesday,0,0,0,0,0,0,0,0,0,0,0,0,0,0,0,0,0,0,0,0,0,0,314
315,3/24/16,2401630.37,321577,Thursday,0,0,0,0,0,0,0,0,0,0,0,0,0,0,0,0,0,0,0,0,0,0,315
316,3/25/16,2369473.21,327493,Friday,0,0,0,0,0,0,0,0,0,0,0,0,0,0,0,0,0,0,0,0,0,0,316
317,3/26/16,2951977.75,382209,Saturday,0,0,0,0,0,0,0,0,0,0,0,0,0,0,0,0,0,0,0,0,0,0,317
318,3/27/16,1595444.91,208044,Sunday,0,0,0,0,0,0,0,0,0,0,0,0,0,0,0,0,0,0,0,0,0,0,318
319,3/28/16,2670955.73,329256,Monday,0,0,0,0,0,0,0,0,0,0,0,0,0,0,0,0,0,0,0,0,0,0,319
320,3/29/16,1987304.24,274380,Tuesday,0,0,0,0,0,0,0,0,0,0,0,0,0,0,0,0,0,0,0,0,0,0,320
321,3/30/16,1637046.13,248705,Wednesday,0,0,0,0,0,0,0,0,0,0,0,0,0,0,0,0,0,0,0,0,0,0,321
322,3/31/16,1656486.22,254374,Thursday,0,0,0,0,0,0,0,0,0,0,0,0,0,0,0,0,0,0,0,0,0,0,322
323,4/1/16,2161694.31,311675,Friday,0,0,0,0,0,0,0,0,1020,1161.761706,1530,3060,2408.703412,2086.231706,1193.731706,0,0,0,2407.2,136.02,1003.02,0,323
324,4/2/16,3166487.5,420948,Saturday,0,0,0,0,0,0,0,0,1020,1161.761706,1530,3060,2408.703412,2086.231706,1193.731706,0,0,0,2407.2,136.02,1003.02,0,324
325,4/3/16,2837263.7,362775,Sunday,0,0,0,0,0,0,0,0,1020,1161.761706,1530,3060,2408.703412,2086.231706,1193.731706,0,0,0,2407.2,136.02,1003.02,0,325
326,4/4/16,1590351.72,248738,Monday,0,0,0,0,0,0,0,0,1020,1161.761706,1530,3060,2408.703412,2086.231706,1193.731706,0,0,0,2407.2,136.02,1003.02,0,326
327,4/5/16,1633776.32,254565,Tuesday,0,0,0,0,0,0,0,0,1020,1161.761706,1530,3060,2408.703412,2086.231706,1193.731706,295.84,0,0,2407.2,136.02,1003.02,0,327
328,4/6/16,1712881.36,263633,Wednesday,0,0,0,0,0,0,0,0,1020,1161.761706,1530,3060,2408.703412,2086.231706,1193.731706,332.82,0,0,2407.2,136.02,1003.02,0,328
329,4/7/16,1787650.66,271551,Thursday,0,0,0,0,0,0,0,0,1020,1161.761706,1530,3060,2408.703412,2086.231706,1193.731706,332.82,0,0,2407.2,136.02,1003.02,0,329
330,4/8/16,2256744.59,324568,Friday,0,0,0,0,0,0,0,0,1020,1161.761706,1530,3060,2408.703412,2086.231706,1193.731706,332.82,0,0,2407.2,136.02,1003.02,0,330
331,4/9/16,3258197.41,431577,Saturday,0,0,0,0,0,0,0,0,1020,1161.761706,1530,3060,2408.703412,2086.231706,1193.731706,332.82,0,0,2407.2,136.02,1003.02,0,331
332,4/10/16,2942156.53,374659,Sunday,0,0,0,0,0,0,0,0,1020,1161.761706,1530,3060,2408.703412,2086.231706,1193.731706,332.82,0,0,2407.2,136.02,1003.02,0,332
333,4/11/16,1645420.09,255395,Monday,0,0,0,0,0,0,0,0,0,0,0,0,0,0,0,0,0,0,0,0,0,0,333
334,4/12/16,1694113.83,262147,Tuesday,0,0,0,0,0,0,0,0,0,0,0,0,0,0,0,0,0,0,0,0,0,0,334
335,4/13/16,1779982.52,271391,Wednesday,0,0,0,0,0,0,0,0,0,0,0,0,0,0,0,0,0,0,0,0,0,0,335
336,4/14/16,1879468.87,283417,Thursday,0,0,0,0,0,0,0,0,0,0,0,0,0,0,0,0,0,0,0,0,0,0,336
337,4/15/16,2373700.11,339217,Friday,0,0,0,0,0,0,0,0,0,0,0,0,0,0,0,0,0,0,0,0,0,0,337
338,4/16/16,3213928.29,428474,Saturday,0,0,0,0,0,0,0,0,0,0,0,0,0,0,0,0,0,0,0,0,0,0,338
339,4/17/16,2935433.19,373900,Sunday,0,0,0,0,0,0,0,0,0,0,0,0,0,0,0,0,0,0,0,0,0,0,339
340,4/18/16,1830059.59,272235,Monday,0,0,0,0,0,0,0,0,0,0,0,0,0,0,0,0,0,0,0,0,0,0,340
341,4/19/16,1628168.56,255481,Tuesday,0,0,0,0,0,0,0,0,0,0,0,0,0,0,0,0,0,0,0,0,0,0,341
342,4/20/16,1708551.49,262164,Wednesday,0,0,0,0,0,0,0,0,0,0,0,0,0,0,0,0,0,0,0,0,0,0,342
343,4/21/16,1775882.81,269812,Thursday,0,0,0,0,0,0,0,0,0,0,0,0,0,0,0,0,0,0,0,0,0,0,343
344,4/22/16,2247394.75,324588,Friday,0,0,0,0,0,0,0,0,0,0,0,0,0,0,0,0,0,0,0,0,0,0,344
345,4/23/16,3127249.01,415475,Saturday,0,0,0,0,0,0,0,0,0,0,0,0,0,0,0,0,0,0,0,0,0,0,345
346,4/24/16,2947464.1,377818,Sunday,0,0,0,0,0,0,0,0,0,0,0,0,0,0,0,0,0,0,0,0,0,0,346
347,4/25/16,2909603.98,361216,Monday,0,0,0,0,0,0,0,0,0,0,0,0,0,0,0,0,0,0,0,0,0,0,347
348,4/26/16,1516854.77,238832,Tuesday,0,0,0,0,0,0,0,0,0,0,0,0,0,0,0,0,0,0,0,0,0,0,348
349,4/27/16,1660120.15,251005,Wednesday,0,0,0,0,0,0,0,0,0,0,0,0,0,0,0,0,0,0,0,0,0,0,349
350,4/28/16,1770613.09,263718,Thursday,0,0,0,0,0,0,0,0,0,0,0,0,0,0,0,0,0,0,0,0,0,0,350
351,4/29/16,2242140.61,317801,Friday,0,0,0,0,0,0,0,0,0,0,0,0,0,0,0,0,0,0,0,0,0,0,351
352,4/30/16,3147439.3,408154,Saturday,0,0,0,0,0,0,0,0,0,0,0,0,0,0,0,0,0,0,0,0,0,0,352
353,5/1/16,2723908.22,336494,Sunday,0,0,0,0,0,0,0,0,0,0,0,0,0,0,0,0,0,0,0,0,0,0,353
354,5/2/16,1716651.12,251712,Monday,0,0,0,0,0,0,0,0,0,0,0,0,0,0,0,0,0,0,0,0,0,0,354
355,5/3/16,1676114.58,251051,Tuesday,0,0,0,0,0,0,0,0,0,0,0,0,0,0,0,0,0,0,0,0,0,0,355
356,5/4/16,1814822.5,266401,Wednesday,0,0,0,0,0,0,0,0,0,0,0,0,0,0,0,0,0,0,0,0,0,0,356
357,5/5/16,1874246.63,271035,Thursday,0,0,0,0,0,0,0,0,0,0,0,0,0,0,0,0,0,0,0,0,0,0,357
358,5/6/16,2328506.59,321921,Friday,0,0,0,0,0,0,0,0,0,0,0,0,0,0,0,0,0,0,0,0,0,0,358
359,5/7/16,3193296.67,414179,Saturday,0,0,0,0,0,0,0,0,0,0,0,0,0,0,0,0,0,0,0,0,0,0,359
360,5/8/16,2665209.05,333474,Sunday,0,0,0,0,0,0,0,0,0,0,0,0,0,0,0,0,0,0,0,0,0,0,360
361,5/9/16,1635949.39,243898,Monday,0,0,0,0,0,0,0,0,0,0,0,0,0,0,0,0,0,0,0,0,0,0,361
362,5/10/16,1681739.61,249840,Tuesday,0,0,0,0,0,0,0,0,0,0,0,0,0,0,0,0,0,0,0,0,0,0,362
363,5/11/16,1759644.24,254695,Wednesday,0,0,0,0,0,0,0,0,0,0,0,0,0,0,0,0,0,0,0,0,0,0,363
364,5/12/16,1873807.12,270628,Thursday,0,0,0,0,0,0,0,0,0,0,0,0,0,0,0,0,0,0,0,0,0,0,364
365,5/13/16,2336507.77,321925,Friday,0,0,0,0,0,0,0,0,0,0,0,0,0,0,0,0,0,0,0,0,0,0,365
366,5/14/16,3181617.39,408128,Saturday,0,0,0,0,0,0,0,0,0,0,0,0,0,0,0,0,0,0,0,0,0,0,366
367,5/15/16,2881354.54,355657,Sunday,0,0,0,0,0,0,0,0,0,0,0,0,0,0,0,0,0,0,0,0,0,0,367
368,5/16/16,1705220.65,251588,Monday,0,0,0,0,0,0,0,0,0,0,0,0,0,0,0,0,0,0,0,0,0,0,368
369,5/17/16,1660299.1,247992,Tuesday,0,0,0,0,0,0,0,0,0,0,0,0,0,0,0,0,0,0,0,0,0,0,369
370,5/18/16,1749196.04,257031,Wednesday,0,0,0,0,0,0,0,0,0,0,0,0,0,0,0,0,0,0,0,0,0,0,370
371,5/19/16,1814687.63,260278,Thursday,0,0,0,0,0,0,0,0,0,0,0,0,0,0,0,0,0,0,0,0,0,0,371
372,5/20/16,2376293.15,331117,Friday,0,0,0,0,0,0,0,0,0,0,0,0,0,0,0,0,0,0,0,0,0,0,372
373,5/21/16,2977313.95,396209,Saturday,0,0,0,0,0,0,0,0,0,0,0,0,0,0,0,0,0,0,0,0,0,0,373
374,5/22/16,2502796.83,315358,Sunday,0,0,0,0,0,0,0,0,0,0,0,0,0,0,0,0,0,0,0,0,0,0,374
375,5/23/16,1652966.17,244501,Monday,0,0,0,0,0,0,0,0,0,0,0,0,0,0,0,0,0,0,0,0,0,0,375
376,5/24/16,1650496.61,247285,Tuesday,0,0,0,0,0,0,0,0,0,0,0,0,0,0,0,0,0,0,0,0,0,0,376
377,5/25/16,1709648.36,251900,Wednesday,0,0,0,0,0,0,0,0,0,0,0,0,0,0,0,0,0,0,0,0,0,0,377
378,5/26/16,1797975.3,262075,Thursday,0,0,0,0,0,0,0,0,0,0,0,0,0,0,0,0,0,0,0,0,0,0,378
379,5/27/16,2221561.36,313927,Friday,0,0,0,0,0,0,0,0,0,0,0,0,0,0,0,0,0,0,0,0,0,0,379
380,5/28/16,2908321.38,387389,Saturday,0,0,0,0,0,0,0,0,0,0,0,0,0,0,0,0,0,0,0,0,0,0,380
381,5/29/16,2737097.07,342093,Sunday,0,0,0,0,0,0,0,0,0,0,0,0,0,0,0,0,0,0,0,0,0,0,381
382,5/30/16,1655949.87,246326,Monday,0,0,0,0,0,0,0,0,0,0,0,0,0,0,0,0,0,0,0,0,0,5088.72,382
383,5/31/16,1689958.9,252225,Tuesday,0,0,0,0,0,0,0,0,0,0,0,0,0,0,0,0,0,0,0,0,0,5088.72,383
384,6/1/16,2195431.4,309632,Wednesday,0,0,0,0,0,0,0,0,2040,1152.64,864.42,2040,2408.703412,1152.61,1152.64,258.44,0,0,2407.2,0,864.42,1768,384
385,6/2/16,2924607,359182,Thursday,0,0,0,0,0,0,0,0,2040,1152.64,864.42,2040,2408.703412,1152.61,1152.64,258.44,0,0,2407.2,0,864.42,1768,385
386,6/3/16,2252390.15,311616,Friday,0,0,0,0,0,0,0,0,2040,1152.64,864.42,2040,2408.703412,1152.61,1152.64,258.44,0,0,2407.2,0,864.42,1768,386
387,6/4/16,2723054.53,369622,Saturday,0,0,0,0,0,0,0,0,2040,1152.64,864.42,2040,2408.703412,1152.61,1152.64,258.44,0,0,2407.2,0,864.42,1768,387
388,6/5/16,2588048.72,332191,Sunday,0,0,0,0,0,0,0,0,2040,1152.64,864.42,2040,2408.703412,1152.61,1152.64,258.44,0,0,2407.2,0,864.42,0,388
389,6/6/16,1678472.69,253329,Monday,0,0,0,0,0,0,0,0,2040,1152.64,864.42,2040,2408.703412,1152.61,1152.64,258.44,0,0,2407.2,0,864.42,1768,389
390,6/7/16,1653527.42,251938,Tuesday,0,0,0,0,0,0,0,0,2040,1152.64,864.42,2040,2408.703412,1152.61,1152.64,258.44,0,0,2407.2,0,864.42,1768,390
391,6/8/16,2149455.99,314234,Wednesday,0,0,0,0,0,0,0,0,2040,1152.64,864.42,2040,2408.703412,1152.61,1152.64,258.44,0,0,2407.2,0,864.42,1768,391
392,6/9/16,2022308.28,290083,Thursday,0,0,0,0,0,0,0,0,2040,1152.64,864.42,2040,2408.703412,1152.61,1152.64,258.44,0,0,2407.2,0,864.42,1768,392
393,6/10/16,2246594.15,314787,Friday,0,0,0,0,0,0,0,0,2040,1152.64,864.42,2040,2408.703412,1152.61,1152.64,258.44,0,0,2407.2,0,864.42,1768,393
394,6/11/16,2807901.77,372006,Saturday,0,0,0,0,0,0,0,0,2040,1152.64,864.42,2040,2408.703412,1152.61,1152.64,0,0,0,2407.2,0,864.42,1768,394
395,6/12/16,2615260.17,337504,Sunday,0,0,0,0,0,0,0,0,2040,1152.64,864.42,2040,2408.703412,1152.61,1152.64,0,0,0,2407.2,0,864.42,0,395
396,6/13/16,1679278.59,249673,Monday,0,0,0,0,0,0,0,0,0,0,0,0,0,0,0,0,0,0,0,0,0,0,396
397,6/14/16,1771542.84,261312,Tuesday,0,0,0,0,0,0,0,0,0,0,0,0,0,0,0,0,0,0,0,0,0,0,397
398,6/15/16,1839000.22,267927,Wednesday,0,0,0,0,0,0,0,0,0,0,0,0,0,0,0,0,0,0,0,0,0,0,398
399,6/16/16,1891960.6,272405,Thursday,0,0,0,0,0,0,0,0,0,0,0,0,0,0,0,0,0,0,0,0,0,0,399
400,6/17/16,2157527.53,303505,Friday,0,0,0,0,0,0,0,0,0,0,0,0,0,0,0,0,0,0,0,0,0,0,400
401,6/18/16,2759413.89,363788,Saturday,0,0,0,0,0,0,0,0,0,0,0,0,0,0,0,0,0,0,0,0,0,0,401
402,6/19/16,2765293.16,347202,Sunday,0,0,0,0,0,0,0,0,0,0,0,0,0,0,0,0,0,0,0,0,0,0,402
403,6/20/16,1760659.91,257736,Monday,0,0,0,0,0,0,0,0,0,0,0,0,0,0,0,0,0,0,0,0,0,0,403
404,6/21/16,1725558.13,255726,Tuesday,0,0,0,0,0,0,0,0,0,0,0,0,0,0,0,0,0,0,0,0,0,0,404
405,6/22/16,1728394.67,252641,Wednesday,0,0,0,0,0,0,0,0,0,0,0,0,0,0,0,0,0,0,0,0,0,0,405
406,6/23/16,1889265.86,273106,Thursday,0,0,0,0,0,0,0,0,0,0,0,0,0,0,0,0,0,0,0,0,0,0,406
407,6/24/16,2147370.93,300474,Friday,0,0,0,0,0,0,0,0,0,0,0,0,0,0,0,0,0,0,0,0,0,0,407
408,6/25/16,2682549.64,351054,Saturday,0,0,0,0,0,0,0,0,0,0,0,0,0,0,0,0,0,0,0,0,0,0,408
409,6/26/16,2476125.26,309789,Sunday,0,0,0,0,0,0,0,0,0,0,0,0,0,0,0,0,0,0,0,0,0,0,409
410,6/27/16,1822248.28,257578,Monday,0,0,0,0,0,0,0,0,0,0,0,0,0,0,0,0,0,0,0,0,0,0,410
411,6/28/16,1834826.98,261452,Tuesday,0,0,0,0,0,0,0,0,0,0,0,0,0,0,0,0,0,0,0,0,0,0,411
412,6/29/16,1968696.14,272600,Wednesday,0,0,0,0,0,0,0,0,0,0,0,0,0,0,0,0,0,0,0,0,0,0,412
413,6/30/16,1962285.5,274177,Thursday,0,0,0,0,0,0,0,0,0,0,0,0,0,0,0,0,0,0,0,0,0,0,413
414,7/1/16,2227284.21,301690,Friday,0,0,0,0,0,0,0,0,0,0,0,0,0,0,0,0,0,0,0,0,0,0,414
415,7/2/16,2605212.58,337640,Saturday,0,0,0,0,0,0,0,0,0,0,0,0,0,0,0,0,0,0,0,0,0,0,415
416,7/3/16,2724049.88,337595,Sunday,0,0,0,0,0,0,0,0,0,0,0,0,0,0,0,0,0,0,0,0,0,0,416
417,7/4/16,1976706.25,278318,Monday,0,0,0,0,0,0,0,0,0,0,0,0,0,0,0,0,0,0,0,0,0,0,417
418,7/5/16,1924211.33,274089,Tuesday,0,0,0,0,0,0,0,0,0,0,0,0,0,0,0,0,0,0,0,0,0,0,418
419,7/6/16,1997274.89,284086,Wednesday,0,0,0,0,0,0,0,0,0,0,0,0,0,0,0,0,0,0,0,0,0,0,419
420,7/7/16,2009437.58,284772,Thursday,0,0,0,0,0,0,0,0,0,0,0,0,0,0,0,0,0,0,0,0,0,0,420
421,7/8/16,2289624.7,315249,Friday,0,0,0,0,0,0,0,0,0,0,0,0,0,0,0,0,0,0,0,0,0,0,421
422,7/9/16,2802623.2,365533,Saturday,0,0,0,0,0,0,0,0,0,0,0,0,0,0,0,0,0,0,0,0,0,0,422
423,7/10/16,2550243.01,323171,Sunday,0,0,0,0,0,0,0,0,0,0,0,0,0,0,0,0,0,0,0,0,0,0,423
424,7/11/16,1967472.38,280792,Monday,0,0,0,0,0,0,0,0,0,0,0,0,0,0,0,0,0,0,0,0,0,0,424
425,7/12/16,2038575.69,285070,Tuesday,0,0,0,0,0,0,0,0,0,0,0,0,0,0,0,0,0,0,0,0,0,0,425
426,7/13/16,2129086.31,293858,Wednesday,0,0,0,0,0,0,0,0,0,0,0,0,0,0,0,0,0,0,0,0,0,0,426
427,7/14/16,2209363.7,300954,Thursday,0,0,0,0,0,0,0,0,0,0,0,0,0,0,0,0,0,0,0,0,0,0,427
428,7/15/16,2591028.45,336341,Friday,0,0,0,0,0,0,0,0,0,0,0,0,0,0,0,0,0,0,0,0,0,0,428
429,7/16/16,3078306.82,385788,Saturday,0,0,0,0,0,0,0,0,0,0,0,0,0,0,0,0,0,0,0,0,0,0,429
430,7/17/16,2720477.41,340076,Sunday,0,0,0,0,0,0,0,0,0,0,0,0,0,0,0,0,0,0,0,0,0,0,430
431,7/18/16,1962437.41,278013,Monday,0,0,0,0,0,0,0,0,0,0,0,0,0,0,0,0,0,0,0,0,0,0,431
432,7/19/16,1926355.57,277505,Tuesday,0,0,0,0,0,0,0,0,0,0,0,0,0,0,0,0,0,0,0,0,0,0,432
433,7/20/16,1980743.57,281934,Wednesday,0,0,0,0,0,0,0,0,0,0,0,0,0,0,0,0,0,0,0,0,0,0,433
434,7/21/16,2056922.45,290035,Thursday,0,0,0,0,0,0,0,0,0,0,0,0,0,0,0,0,0,0,0,0,0,0,434
435,7/22/16,2292078.78,314208,Friday,0,0,0,0,0,0,0,0,0,0,0,0,0,0,0,0,0,0,0,0,0,0,435
436,7/23/16,2832412.06,365359,Saturday,0,0,0,0,0,0,0,0,0,0,0,0,0,0,0,0,0,0,0,0,0,0,436
437,7/24/16,2714180.43,339699,Sunday,0,0,0,0,0,0,0,0,0,0,0,0,0,0,0,0,0,0,0,0,0,0,437
438,7/25/16,1951795.09,277430,Monday,0,0,0,0,0,0,0,0,0,0,0,0,0,0,0,0,0,0,0,0,0,0,438
439,7/26/16,1901939.67,273287,Tuesday,0,0,0,0,0,0,0,0,0,0,0,0,0,0,0,0,0,0,0,0,0,0,439
440,7/27/16,2004503.52,279312,Wednesday,0,0,0,0,0,0,0,0,0,0,0,0,0,0,0,0,0,0,0,0,0,0,440
441,7/28/16,2116921.05,295183,Thursday,0,0,0,0,0,0,0,0,0,0,0,0,0,0,0,0,0,0,0,0,0,0,441
442,7/29/16,2293115.48,314651,Friday,0,0,0,0,0,0,0,0,0,0,0,0,0,0,0,0,0,0,0,0,0,0,442
443,7/30/16,2740751,358728,Saturday,0,0,0,0,0,0,0,0,0,0,0,0,0,0,0,0,0,0,0,0,0,0,443
444,7/31/16,2678816.46,334728,Sunday,0,0,0,0,0,0,0,0,0,0,0,0,0,0,0,0,0,0,0,0,0,0,444
445,8/1/16,2167110.19,293423,Monday,0,0,0,0,0,0,0,0,0,0,0,0,0,0,0,0,0,0,0,0,0,0,445
446,8/2/16,2044833.35,284008,Tuesday,0,0,0,0,0,0,0,0,0,0,0,0,0,0,0,0,0,0,0,0,0,0,446
447,8/3/16,2054230.36,284509,Wednesday,0,0,0,0,0,0,0,0,0,0,0,0,0,0,0,0,0,0,0,0,0,0,447
448,8/4/16,2101652.45,289711,Thursday,0,0,0,0,0,0,0,0,0,0,0,0,0,0,0,0,0,0,0,0,0,0,448
449,8/5/16,2502197.35,322019,Friday,0,0,0,0,0,0,0,0,0,0,0,0,0,0,0,0,0,0,0,0,0,0,449
450,8/6/16,2790683.12,356036,Saturday,0,0,0,0,0,0,0,0,0,0,0,0,0,0,0,0,0,0,0,0,0,0,450
451,8/7/16,2597994.06,325154,Sunday,0,0,0,0,0,0,0,0,0,0,0,0,0,0,0,0,0,0,0,0,0,0,451
452,8/8/16,2072430.47,279904,Monday,0,0,0,0,0,0,0,0,0,0,0,0,0,0,0,0,0,0,0,0,0,0,452
453,8/9/16,2035389.27,276977,Tuesday,0,0,0,0,0,0,0,0,0,0,0,0,0,0,0,0,0,0,0,0,0,0,453
454,8/10/16,2276124.46,290952,Wednesday,0,0,0,0,0,0,0,0,0,0,0,0,0,0,0,0,0,0,0,0,0,0,454
455,8/11/16,2228367.02,288500,Thursday,0,0,0,0,0,0,0,0,0,0,0,0,0,0,0,0,0,0,0,0,0,0,455
456,8/12/16,2346603.69,302778,Friday,0,0,0,0,0,0,0,0,0,0,0,0,0,0,0,0,0,0,0,0,0,0,456
457,8/13/16,2596083.86,328764,Saturday,0,0,0,0,0,0,0,0,0,0,0,0,0,0,0,0,0,0,0,0,0,0,457
458,8/14/16,2237436.32,285155,Sunday,0,0,0,0,0,0,0,0,0,0,0,0,0,0,0,0,0,0,0,0,0,0,458
459,8/15/16,1934815.64,243111,Monday,0,0,0,0,0,0,0,0,0,0,0,0,0,0,0,0,0,0,0,0,0,0,459
460,8/16/16,2268765,288350,Tuesday,0,0,0,0,0,0,0,0,0,0,0,0,0,0,0,0,0,0,0,0,0,0,460
461,8/17/16,2282560.83,291121,Wednesday,0,0,0,0,0,0,0,0,0,0,0,0,0,0,0,0,0,0,0,0,0,0,461
462,8/18/16,2222348.43,287742,Thursday,0,0,0,0,0,0,0,0,0,0,0,0,0,0,0,0,0,0,0,0,0,0,462
463,8/19/16,2287723.21,297678,Friday,0,0,0,0,0,0,0,0,0,0,0,0,0,0,0,0,0,0,0,0,0,0,463
464,8/20/16,2549694.82,322565,Saturday,0,0,0,0,0,0,0,0,0,0,0,0,0,0,0,0,0,0,0,0,0,0,464
465,8/21/16,2388568.81,301010,Sunday,0,0,0,0,0,0,0,0,0,0,0,0,0,0,0,0,0,0,0,0,0,0,465
466,8/22/16,2084559.75,277675,Monday,0,0,0,0,0,0,0,0,0,0,0,0,0,0,0,0,0,0,0,0,0,0,466
467,8/23/16,2071782.96,278210,Tuesday,0,0,0,0,0,0,0,0,0,0,0,0,0,0,0,0,0,0,0,0,0,0,467
468,8/24/16,2003733.71,272577,Wednesday,0,0,0,0,0,0,0,0,0,0,0,0,0,0,0,0,0,0,0,0,0,0,468
469,8/25/16,2014708.91,274574,Thursday,0,0,0,0,0,0,0,0,0,0,0,0,0,0,0,0,0,0,0,0,0,0,469
470,8/26/16,2182470.08,296883,Friday,0,0,0,0,0,0,0,0,0,0,0,0,0,0,0,0,0,0,0,0,0,0,470
471,8/27/16,2532988.1,334564,Saturday,0,0,0,0,0,0,0,0,0,0,0,0,0,0,0,0,0,0,0,0,0,0,471
472,8/28/16,2401421.26,310463,Sunday,0,0,0,0,0,0,0,0,0,0,0,0,0,0,0,0,0,0,0,0,0,0,472
473,8/29/16,1932409.57,274550,Monday,0,0,0,0,0,0,0,0,0,0,0,0,0,0,0,0,0,0,0,0,0,0,473
474,8/30/16,1988055.77,278829,Tuesday,0,0,0,0,0,0,0,0,0,0,0,0,0,0,0,0,0,0,0,0,0,0,474
475,8/31/16,2011504.9,285047,Wednesday,0,0,0,0,0,0,0,0,0,0,0,0,0,0,0,0,0,0,0,0,0,0,475
476,9/1/16,2071029.72,296136,Thursday,0,0,0,0,0,0,0,0,0,0,0,0,0,0,0,0,0,0,0,0,0,0,476
477,9/2/16,2371633.57,325938,Friday,0,0,0,0,0,0,0,0,1377,639.2,2618,2703,2769.963412,1700,673.2,258.44,0,0,2407.2,0,816,0,477
478,9/3/16,2916010.51,381304,Saturday,0,0,0,0,0,0,0,0,1377,639.2,2618,2703,2709.945118,1700,673.2,258.44,0,0,2407.2,0,816,0,478
479,9/4/16,2762690.58,349145,Sunday,0,0,0,0,0,0,0,0,1377,639.2,2618,2703,2709.945118,1700,673.2,258.44,0,0,2407.2,0,816,0,479
480,9/5/16,2142078.3,303146,Monday,0,0,0,0,0,0,0,0,1377,639.2,2618,2703,2709.945118,1700,673.2,258.44,0,0,2407.2,0,816,0,480
481,9/6/16,2182218.67,306603,Tuesday,0,0,0,0,0,0,0,0,1377,639.2,2618,2703,2709.945118,1700,673.2,258.44,0,0,2407.2,0,816,0,481
482,9/7/16,2247105.55,312810,Wednesday,0,0,0,0,0,0,0,0,1377,639.2,2545.231706,2703,2709.945118,1700,673.2,258.44,0,0,2407.2,0,816,0,482
483,9/8/16,2262682.36,315769,Thursday,0,0,0,0,0,0,0,0,1377,639.2,2545.231706,2703,2709.945118,1700,673.2,258.44,0,0,2407.2,0,816,0,483
484,9/9/16,2547095.04,347832,Friday,0,0,0,0,0,0,0,0,1377,639.2,2545.231706,2703,2709.945118,1700,673.2,258.44,0,0,2407.2,0,816,0,484
485,9/10/16,3101027.97,400659,Saturday,0,0,0,0,0,0,0,0,1377,639.2,2545.231706,2703,2709.945118,1700,673.2,258.44,0,0,2407.2,0,816,0,485
486,9/11/16,2886423.39,359764,Sunday,0,0,0,0,0,0,0,0,1377,639.2,2545.231706,2703,2649.926824,1700,673.2,258.44,0,0,2407.2,0,816,0,486
487,9/12/16,2188530.65,309201,Monday,0,0,0,0,0,0,0,0,0,0,0,0,0,0,0,0,0,0,0,0,0,0,487
488,9/13/16,2018423.5,294475,Tuesday,0,0,0,0,0,0,0,0,0,0,0,0,0,0,0,0,0,0,0,0,0,0,488
489,9/14/16,2043989.16,297591,Wednesday,0,0,0,0,0,0,0,0,0,0,0,0,0,0,0,0,0,0,0,0,0,0,489
490,9/15/16,2005868.03,289109,Thursday,0,0,0,0,0,0,0,0,0,0,0,0,0,0,0,0,0,0,0,0,0,0,490
491,9/16/16,2376165.37,330242,Friday,0,0,0,0,0,0,0,0,0,0,0,0,0,0,0,0,0,0,0,0,0,0,491
492,9/17/16,3311156.88,427800,Saturday,0,0,0,0,0,0,0,0,0,0,0,0,0,0,0,0,0,0,0,0,0,0,492
493,9/18/16,2945346.46,364130,Sunday,0,0,0,0,0,0,0,0,0,0,0,0,0,0,0,0,0,0,0,0,0,0,493
494,9/19/16,1783507.75,268320,Monday,0,0,0,0,0,0,0,0,0,0,0,0,0,0,0,0,0,0,0,0,0,0,494
495,9/20/16,1794696.03,271123,Tuesday,0,0,0,0,0,0,0,0,0,0,0,0,0,0,0,0,0,0,0,0,0,0,495
496,9/21/16,1838134.32,271987,Wednesday,0,0,0,0,0,0,0,0,0,0,0,0,0,0,0,0,0,0,0,0,0,0,496
497,9/22/16,1879087.57,280307,Thursday,0,0,0,0,0,0,0,0,0,0,0,0,0,0,0,0,0,0,0,0,0,0,497
498,9/23/16,2364139.56,334050,Friday,0,0,0,0,0,0,0,0,0,0,0,0,0,0,0,0,0,0,0,0,0,0,498
499,9/24/16,3194898.16,419293,Saturday,0,0,0,0,0,0,0,0,0,0,0,0,0,0,0,0,0,0,0,0,0,0,499
500,9/25/16,2804283.11,352780,Sunday,0,0,0,0,0,0,0,0,0,0,0,0,0,0,0,0,0,0,0,0,0,0,500
501,9/26/16,1656883.05,254217,Monday,0,0,0,0,0,0,0,0,0,0,0,0,0,0,0,0,0,0,0,0,0,0,501
502,9/27/16,1670701.36,256204,Tuesday,0,0,0,0,0,0,0,0,0,0,0,0,0,0,0,0,0,0,0,0,0,0,502
503,9/28/16,1799180.65,264844,Wednesday,0,0,0,0,0,0,0,0,0,0,0,0,0,0,0,0,0,0,0,0,0,0,503
504,9/29/16,1869107.57,271722,Thursday,0,0,0,0,0,0,0,0,0,0,0,0,0,0,0,0,0,0,0,0,0,0,504
505,9/30/16,2420142.47,330195,Friday,0,0,0,0,0,0,0,0,0,0,0,0,0,0,0,0,0,0,0,0,0,0,505
506,10/1/16,3374815.27,419522,Saturday,0,0,0,0,0,0,0,0,0,0,0,0,0,0,0,0,0,0,0,0,0,0,506
507,10/2/16,2953770.96,355137,Sunday,0,0,0,0,0,0,0,0,0,0,0,0,0,0,0,0,0,0,0,0,0,0,507
508,10/3/16,1765168.12,257775,Monday,0,0,0,0,0,0,0,0,0,0,0,0,0,0,0,0,0,0,0,0,0,0,508
509,10/4/16,1820962.89,263045,Tuesday,0,0,0,0,0,0,0,0,0,0,0,0,0,0,0,0,0,0,0,0,0,0,509
510,10/5/16,1836450.91,263354,Wednesday,0,0,0,0,0,0,0,0,0,0,0,0,0,0,0,0,0,0,0,0,0,0,510
511,10/6/16,1878543.88,267220,Thursday,0,0,0,0,0,0,0,0,0,0,0,0,0,0,0,0,0,0,0,0,0,0,511
512,10/7/16,2471345.38,336153,Friday,0,0,0,0,0,0,0,0,0,0,0,0,0,0,0,0,0,0,0,0,0,0,512
513,10/8/16,3477531.06,428754,Saturday,0,0,0,0,0,0,0,0,0,0,0,0,0,0,0,0,0,0,0,0,0,0,513
514,10/9/16,3061733.98,361043,Sunday,0,0,0,0,0,0,0,0,0,0,0,0,0,0,0,0,0,0,0,0,0,0,514
515,10/10/16,1738952.19,250776,Monday,0,0,0,0,0,0,0,0,0,0,0,0,0,0,0,0,0,0,0,0,0,0,515
516,10/11/16,1752147.45,251807,Tuesday,0,0,0,0,0,0,0,0,0,0,0,0,0,0,0,0,0,0,0,0,0,0,516
517,10/12/16,2060564.43,287985,Wednesday,0,0,0,0,0,0,0,0,0,0,0,0,0,0,0,0,0,0,0,0,0,0,517
518,10/13/16,1840359.36,262375,Thursday,0,0,0,0,0,0,0,0,0,0,0,0,0,0,0,0,0,0,0,0,0,0,518
519,10/14/16,2311171.59,310126,Friday,0,0,0,0,0,0,0,0,0,0,0,0,0,0,0,0,0,0,0,0,0,0,519
520,10/15/16,3511936.37,430441,Saturday,0,0,0,0,0,0,0,0,0,0,0,0,0,0,0,0,0,0,0,0,0,0,520
521,10/16/16,3135012.17,369144,Sunday,0,0,0,0,0,0,0,0,0,0,0,0,0,0,0,0,0,0,0,0,0,0,521
522,10/17/16,1680223.04,245185,Monday,0,0,0,0,0,0,0,0,0,0,0,0,0,0,0,0,0,0,0,0,0,0,522
523,10/18/16,1708689.59,248468,Tuesday,0,0,0,0,0,0,0,0,0,0,0,0,0,0,0,0,0,0,0,0,0,0,523
524,10/19/16,1810750.65,258796,Wednesday,0,0,0,0,0,0,0,0,0,0,0,0,0,0,0,0,0,0,0,0,0,0,524
525,10/20/16,1886628.29,268009,Thursday,0,0,0,0,0,0,0,0,0,0,0,0,0,0,0,0,0,0,0,0,0,0,525
526,10/21/16,2442408.6,330231,Friday,0,0,0,0,0,0,0,0,0,0,0,0,0,0,0,0,0,0,0,0,0,0,526
527,10/22/16,3385652.46,421626,Saturday,0,0,0,0,0,0,0,0,0,0,0,0,0,0,0,0,0,0,0,0,0,0,527
528,10/23/16,2924749.63,348373,Sunday,0,0,0,0,0,0,0,0,0,0,0,0,0,0,0,0,0,0,0,0,0,0,528
529,10/24/16,1593303.91,235489,Monday,0,0,0,0,0,0,0,0,0,0,0,0,0,0,0,0,0,0,0,0,0,0,529
530,10/25/16,1634591.16,239241,Tuesday,0,0,0,0,0,0,0,0,0,0,0,0,0,0,0,0,0,0,0,0,0,0,530
531,10/26/16,1730065.3,248632,Wednesday,0,0,0,0,0,0,0,0,0,0,0,0,0,0,0,0,0,0,0,0,0,0,531
532,10/27/16,1872619.58,264079,Thursday,0,0,0,0,0,0,0,0,0,0,0,0,0,0,0,0,0,0,0,0,0,0,532
533,10/28/16,2387120.12,321747,Friday,0,0,0,0,0,0,0,0,0,0,0,0,0,0,0,0,0,0,0,0,0,0,533
534,10/29/16,3281766.06,410756,Saturday,0,0,0,0,0,0,0,0,0,0,0,0,0,0,0,0,0,0,0,0,0,0,534
535,10/30/16,3048984.43,362232,Sunday,0,0,0,0,0,0,0,0,0,0,0,0,0,0,0,0,0,0,0,0,0,0,535
536,10/31/16,3155808.36,390298,Monday,0,0,0,0,0,0,0,0,0,0,0,0,0,0,0,0,0,0,0,0,0,0,536
537,11/1/16,2805793.73,333031,Tuesday,0,0,0,0,0,0,0,0,0,0,0,0,0,0,0,0,0,0,0,0,0,0,537
538,11/2/16,1635953.63,241503,Wednesday,0,0,0,0,0,0,0,0,0,0,0,0,0,0,0,0,0,0,0,0,0,0,538
539,11/3/16,1613407.67,242033,Thursday,0,0,0,0,0,0,0,0,0,0,0,0,0,0,0,0,0,0,0,0,0,0,539
540,11/4/16,2126131.63,302667,Friday,2399.04,5672.94,8228.03,9068.597061,5478.66,1998.72,3035.04,0,0,0,0,0,0,0,0,0,0,0,0,0,0,0,540
541,11/5/16,2955959.53,388007,Saturday,0,0,0,0,0,0,0,0,0,0,0,0,0,0,0,0,0,0,0,0,0,0,541
542,11/6/16,2673618.96,336061,Sunday,0,0,0,0,0,0,0,0,0,0,0,0,0,0,0,0,0,0,0,0,0,0,542
543,11/7/16,1517217.67,248047,Monday,0,0,0,0,0,0,0,0,0,0,0,0,0,0,0,0,0,0,0,0,0,0,543
544,11/8/16,1578668.33,240923,Tuesday,0,0,0,0,0,0,0,0,0,0,0,0,0,0,0,0,0,0,0,0,0,0,544
545,11/9/16,1933513.52,276538,Wednesday,0,0,0,0,0,0,0,0,0,0,0,0,0,0,0,0,0,0,0,0,0,0,545
546,11/10/16,1880333.5,267400,Thursday,0,0,0,0,0,0,0,0,0,0,0,0,0,0,0,0,0,0,0,0,0,0,546
547,11/11/16,2383745.75,321129,Friday,0,0,0,0,0,0,0,0,0,0,0,0,0,0,0,0,0,0,0,0,0,0,547
548,11/12/16,3458823.73,425122,Saturday,0,0,0,0,0,0,0,0,0,0,0,0,0,0,0,0,0,0,0,0,0,0,548
549,11/13/16,3122586.05,364888,Sunday,0,0,0,0,0,0,0,0,0,0,0,0,0,0,0,0,0,0,0,0,0,0,549
550,11/14/16,1681780.07,244650,Monday,0,0,0,0,0,0,0,0,0,0,0,0,0,0,0,0,0,0,0,0,0,0,550
551,11/15/16,1761257.43,252715,Tuesday,0,0,0,0,0,0,0,0,0,0,0,0,0,0,0,0,0,0,0,0,0,0,551
552,11/16/16,1828299.84,260541,Wednesday,0,0,0,0,0,0,0,0,0,0,0,0,0,0,0,0,0,0,0,0,0,0,552
553,11/17/16,1890977.07,269805,Thursday,0,0,0,0,0,0,0,0,0,0,0,0,0,0,0,0,0,0,0,0,0,0,553
554,11/18/16,2351916.4,317682,Friday,0,0,0,0,0,0,0,0,0,0,0,0,0,0,0,0,0,0,0,0,0,0,554
555,11/19/16,3363202.2,415758,Saturday,0,0,0,0,0,0,0,0,0,0,0,0,0,0,0,0,0,0,0,0,0,0,555
556,11/20/16,3096455.49,363476,Sunday,0,0,0,0,0,0,0,0,0,0,0,0,0,0,0,0,0,0,0,0,0,0,556
557,11/21/16,1630477.67,236900,Monday,0,0,0,0,0,0,0,0,0,0,0,0,0,0,0,0,0,0,0,0,0,0,557
558,11/22/16,1637020.4,238335,Tuesday,0,0,0,0,0,0,0,0,0,0,0,0,0,0,0,0,0,0,0,0,0,0,558
559,11/23/16,1767186.38,252290,Wednesday,0,0,0,0,0,0,0,0,0,0,0,0,0,0,0,0,0,0,0,0,0,0,559
560,11/24/16,1793217.47,254012,Thursday,0,0,0,0,0,0,0,0,0,0,0,0,0,0,0,0,0,0,0,0,0,0,560
561,11/25/16,2664238.35,350542,Friday,0,0,0,0,0,0,0,0,0,0,0,0,0,0,0,0,0,0,0,0,0,0,561
562,11/26/16,3480630.04,428181,Saturday,0,0,0,0,0,0,0,0,0,0,0,0,0,0,0,0,0,0,0,0,0,0,562
563,11/27/16,3133749.49,367419,Sunday,0,0,0,0,0,0,0,0,0,0,0,0,0,0,0,0,0,0,0,0,0,0,563
564,11/28/16,1616102.81,239002,Monday,0,0,0,0,0,0,0,0,0,0,0,0,0,0,0,0,0,0,0,0,0,0,564
565,11/29/16,1634542.79,241249,Tuesday,0,0,0,0,0,0,0,0,0,0,0,0,0,0,0,0,0,0,0,0,0,0,565
566,11/30/16,1766857.09,251819,Wednesday,0,0,0,0,0,0,0,0,0,0,0,0,0,0,0,0,0,0,0,0,0,0,566
567,12/1/16,1871000.88,261393,Thursday,0,0,0,0,0,0,0,0,0,0,0,0,0,0,0,0,0,0,0,0,0,0,567
568,12/2/16,2471755.32,327575,Friday,2399.04,5672.94,8228.03,9068.597061,5478.66,1998.72,3035.04,0,0,0,0,0,0,0,0,0,0,0,0,0,0,0,568
569,12/3/16,3393116.82,415358,Saturday,0,0,0,0,0,0,0,0,0,0,0,0,0,0,0,0,0,0,0,0,0,0,569
570,12/4/16,3216385.32,370677,Sunday,0,0,0,0,0,0,0,0,0,0,0,0,0,0,0,0,0,0,0,0,0,0,570
571,12/5/16,1942143.83,276359,Monday,0,0,0,0,0,0,0,0,0,0,0,0,0,0,0,0,0,0,0,0,0,0,571
572,12/6/16,1809877.23,253889,Tuesday,0,0,0,0,0,0,0,0,0,0,0,0,0,0,0,0,0,0,0,0,0,0,572
573,12/7/16,2354003.43,312412,Wednesday,0,0,0,0,0,0,0,0,0,0,0,0,0,0,0,0,0,0,0,0,0,0,573
574,12/8/16,3135350.84,359341,Thursday,0,0,0,0,0,0,0,0,0,0,0,0,0,0,0,0,0,0,0,0,0,0,574
575,12/9/16,2607241.08,326972,Friday,0,0,0,0,0,0,0,0,0,0,0,0,0,0,0,0,0,0,0,0,0,0,575
576,12/10/16,3248740.25,399436,Saturday,0,0,0,0,0,0,0,0,0,0,0,0,0,0,0,0,0,0,0,0,0,0,576
577,12/11/16,3016142.31,349298,Sunday,0,0,0,0,0,0,0,0,0,0,0,0,0,0,0,0,0,0,0,0,0,0,577
578,12/12/16,1715392.71,244019,Monday,0,0,0,0,0,0,0,0,0,0,0,0,0,0,0,0,0,0,0,0,0,0,578
579,12/13/16,1795031.19,253550,Tuesday,0,0,0,0,0,0,0,0,0,0,0,0,0,0,0,0,0,0,0,0,0,0,579
580,12/14/16,2053544.77,282184,Wednesday,0,0,0,0,0,0,0,0,0,0,0,0,0,0,0,0,0,0,0,0,0,0,580
581,12/15/16,2056103.69,278453,Thursday,0,0,0,0,0,0,0,0,0,0,0,0,0,0,0,0,0,0,0,0,0,0,581
582,12/16/16,2547048.48,332805,Friday,0,0,0,0,0,0,0,0,0,0,0,0,0,0,0,0,0,0,0,0,0,0,582
583,12/17/16,3586932.34,427704,Saturday,0,0,0,0,0,0,0,0,0,0,0,0,0,0,0,0,0,0,0,0,0,0,583
584,12/18/16,3403263.64,382864,Sunday,0,0,0,0,0,0,0,0,0,0,0,0,0,0,0,0,0,0,0,0,0,0,584
585,12/19/16,1956436.94,271190,Monday,0,0,0,0,0,0,0,0,0,0,0,0,0,0,0,0,0,0,0,0,0,0,585
586,12/20/16,2094342.69,282754,Tuesday,0,0,0,0,0,0,0,0,0,0,0,0,0,0,0,0,0,0,0,0,0,0,586
587,12/21/16,2330654.95,309763,Wednesday,0,0,0,0,0,0,0,0,0,0,0,0,0,0,0,0,0,0,0,0,0,0,587
588,12/22/16,2718072.02,356504,Thursday,0,0,0,0,0,0,0,0,0,0,0,0,0,0,0,0,0,0,0,0,0,0,588
589,12/23/16,3162667.62,393831,Friday,0,0,0,0,0,0,0,0,0,0,0,0,0,0,0,0,0,0,0,0,0,0,589
590,12/24/16,1846490.55,234008,Saturday,0,0,0,0,0,0,0,0,0,0,0,0,0,0,0,0,0,0,0,0,0,0,590
591,12/25/16,1003300.82,126223,Sunday,0,0,0,0,0,0,0,0,0,0,0,0,0,0,0,0,0,0,0,0,0,0,591
592,12/26/16,2417046.26,282255,Monday,0,0,0,0,0,0,0,0,0,0,0,0,0,0,0,0,0,0,0,0,0,0,592
593,12/27/16,2537090.81,321834,Tuesday,0,0,0,0,0,0,0,0,0,0,0,0,0,0,0,0,0,0,0,0,0,0,593
594,12/28/16,2526135.45,316743,Wednesday,0,0,0,0,0,0,0,0,0,0,0,0,0,0,0,0,0,0,0,0,0,0,594
595,12/29/16,2467957.22,309224,Thursday,0,0,0,0,0,0,0,0,0,0,0,0,0,0,0,0,0,0,0,0,0,0,595
596,12/30/16,2741950.91,336890,Friday,0,0,0,0,0,0,0,0,0,0,0,0,0,0,0,0,0,0,0,0,0,0,596
597,12/31/16,1787391.42,226400,Saturday,0,0,0,0,0,0,0,0,0,0,0,0,0,0,0,0,0,0,0,0,0,0,597
598,1/1/17,2484249.2,277654,Sunday,0,0,0,0,0,0,0,0,0,0,0,0,0,0,0,0,0,0,0,0,0,0,598
599,1/2/17,2458869.44,314925,Monday,0,0,0,0,0,0,0,0,0,0,0,0,0,0,0,0,0,0,0,0,0,0,599
600,1/3/17,2253161.91,290403,Tuesday,0,0,0,0,0,0,0,0,0,0,0,0,0,0,0,0,0,0,0,0,0,0,600
601,1/4/17,2412254.33,304363,Wednesday,0,0,0,0,0,0,0,0,0,0,0,0,0,0,0,0,0,0,0,0,0,0,601
602,1/5/17,2716157.39,334533,Thursday,0,0,0,0,0,0,0,0,0,0,0,0,0,0,0,0,0,0,0,0,0,0,602
603,1/6/17,2881015.76,337040,Friday,0,0,0,0,0,0,0,0,0,0,0,0,0,0,0,0,0,0,0,0,0,0,603
604,1/7/17,3159359.29,376502,Saturday,0,0,0,0,0,0,0,0,0,0,0,0,0,0,0,0,0,0,0,0,0,0,604
605,1/8/17,2797253.63,325208,Sunday,0,0,0,0,0,0,0,0,0,0,0,0,0,0,0,0,0,0,0,0,0,0,605
606,1/9/17,1587844.61,229978,Monday,0,0,0,0,0,0,0,0,0,0,0,0,0,0,0,0,0,0,0,0,0,0,606
607,1/10/17,1544565.85,225237,Tuesday,0,0,0,0,0,0,0,0,0,0,0,0,0,0,0,0,0,0,0,0,0,0,607
608,1/11/17,1928734.48,269039,Wednesday,0,0,0,0,0,0,0,0,0,0,0,0,0,0,0,0,0,0,0,0,0,0,608
609,1/12/17,1753199.8,247670,Thursday,0,0,0,0,0,0,0,0,0,0,0,0,0,0,0,0,0,0,0,0,0,0,609
610,1/13/17,2191611.73,295288,Friday,0,0,0,0,0,0,0,0,0,0,0,0,0,0,0,0,0,0,0,0,0,0,610
611,1/14/17,3475085.18,423875,Saturday,0,0,0,0,0,0,0,0,0,0,0,0,0,0,0,0,0,0,0,0,0,0,611
612,1/15/17,2883097.79,341254,Sunday,0,0,0,0,0,0,0,0,0,0,0,0,0,0,0,0,0,0,0,0,0,0,612
613,1/16/17,1632173.27,237832,Monday,0,0,0,0,0,0,0,0,0,0,0,0,0,0,0,0,0,0,0,0,0,0,613
614,1/17/17,1651525.18,238722,Tuesday,0,0,0,0,0,0,0,0,0,0,0,0,0,0,0,0,0,0,0,0,0,0,614
615,1/18/17,1815476.99,254192,Wednesday,0,0,0,0,0,0,0,0,0,0,0,0,0,0,0,0,0,0,0,0,0,0,615
616,1/19/17,1832519.68,259945,Thursday,0,0,0,0,0,0,0,0,0,0,0,0,0,0,0,0,0,0,0,0,0,0,616
617,1/20/17,2307208.94,314715,Friday,0,0,0,0,0,0,0,0,0,0,0,0,0,0,0,0,0,0,0,0,0,0,617
618,1/21/17,3322728.01,414362,Saturday,0,0,0,0,0,0,0,0,0,0,0,0,0,0,0,0,0,0,0,0,0,0,618
619,1/22/17,2899966.77,346718,Sunday,0,0,0,0,0,0,0,0,0,0,0,0,0,0,0,0,0,0,0,0,0,0,619
620,1/23/17,1588312.01,233835,Monday,0,0,0,0,0,0,0,0,0,0,0,0,0,0,0,0,0,0,0,0,0,301.2317061,620
621,1/24/17,1647764.2,243445,Tuesday,0,0,0,0,0,0,0,0,0,0,0,0,0,0,0,0,0,0,0,0,0,301.2317061,621
622,1/25/17,1725042.73,251054,Wednesday,0,0,0,0,0,0,0,0,0,0,0,0,0,0,0,0,0,0,0,0,0,301.2317061,622
623,1/26/17,1789121.99,260463,Thursday,0,0,0,0,0,0,0,0,0,0,0,0,0,0,0,0,0,0,0,0,0,0,623
624,1/27/17,2313155.37,319815,Friday,0,0,0,0,0,0,0,0,0,0,0,0,0,0,0,0,0,0,0,0,0,0,624
625,1/28/17,3252262.25,411206,Saturday,0,0,0,0,0,0,0,0,0,0,0,0,0,0,0,0,0,0,0,0,0,0,625
626,1/29/17,2922022.19,353140,Sunday,0,0,0,0,0,0,0,0,0,0,0,0,0,0,0,0,0,0,0,0,0,0,626
627,1/30/17,1613562.44,239630,Monday,0,0,0,0,0,0,0,0,0,0,0,0,0,0,0,0,0,0,0,0,0,0,627
628,1/31/17,1638835.08,243643,Tuesday,0,0,0,0,0,0,0,0,0,0,0,0,0,0,0,0,0,0,0,0,0,0,628
629,2/1/17,1741866.55,251362,Wednesday,0,0,0,0,0,0,0,0,0,0,0,0,0,0,0,0,0,0,0,0,0,0,629
630,2/2/17,1751642.88,254271,Thursday,0,0,0,0,0,0,0,0,0,0,0,0,0,0,0,0,0,0,0,0,0,0,630
631,2/3/17,2254869.43,312629,Friday,2399.04,5672.94,2244,9068.597061,1249.5,1998.72,4433.68,0,0,0,0,0,0,0,0,0,0,0,0,0,0,0,631
632,2/4/17,3183333.76,408615,Saturday,0,0,5984,0,3034.5,0,0,0,0,0,0,0,0,0,0,0,0,0,0,0,0,0,632
633,2/5/17,2710928.44,334602,Sunday,0,0,0,0,0,0,0,0,0,0,0,0,0,0,0,0,0,0,0,0,0,0,633
634,2/6/17,1525421.99,241096,Monday,0,0,0,0,0,0,0,0,0,0,0,0,0,0,0,0,0,0,0,0,0,0,634
635,2/7/17,1635090.7,244172,Tuesday,0,0,0,0,0,0,0,0,0,0,0,0,0,0,0,0,0,0,0,0,0,0,635
636,2/8/17,1867849.09,273014,Wednesday,0,0,0,0,0,0,0,0,0,0,0,0,0,0,0,0,0,0,0,0,0,0,636
637,2/9/17,1789510.19,259230,Thursday,0,0,0,0,0,0,0,0,0,0,0,0,0,0,0,0,0,0,0,0,0,0,637
638,2/10/17,2277300.88,315266,Friday,0,0,0,0,0,0,0,0,0,0,0,0,0,0,0,0,0,0,0,0,0,0,638
639,2/11/17,3275644.67,418978,Saturday,0,0,0,0,0,0,0,0,0,0,0,0,0,0,0,0,0,0,0,0,0,0,639
640,2/12/17,2895866.7,355573,Sunday,0,0,0,0,0,0,0,0,0,0,0,0,0,0,0,0,0,0,0,0,0,0,640